-- MySQL dump 10.13  Distrib 8.0.25, for Win64 (x86_64)
--
-- Host: localhost    Database: vk
-- ------------------------------------------------------
-- Server version	8.0.25

/*!40101 SET @OLD_CHARACTER_SET_CLIENT=@@CHARACTER_SET_CLIENT */;
/*!40101 SET @OLD_CHARACTER_SET_RESULTS=@@CHARACTER_SET_RESULTS */;
/*!40101 SET @OLD_COLLATION_CONNECTION=@@COLLATION_CONNECTION */;
/*!50503 SET NAMES utf8mb4 */;
/*!40103 SET @OLD_TIME_ZONE=@@TIME_ZONE */;
/*!40103 SET TIME_ZONE='+00:00' */;
/*!40014 SET @OLD_UNIQUE_CHECKS=@@UNIQUE_CHECKS, UNIQUE_CHECKS=0 */;
/*!40014 SET @OLD_FOREIGN_KEY_CHECKS=@@FOREIGN_KEY_CHECKS, FOREIGN_KEY_CHECKS=0 */;
/*!40101 SET @OLD_SQL_MODE=@@SQL_MODE, SQL_MODE='NO_AUTO_VALUE_ON_ZERO' */;
/*!40111 SET @OLD_SQL_NOTES=@@SQL_NOTES, SQL_NOTES=0 */;

--
-- Table structure for table `communities`
--

DROP TABLE IF EXISTS `communities`;
/*!40101 SET @saved_cs_client     = @@character_set_client */;
/*!50503 SET character_set_client = utf8mb4 */;
CREATE TABLE `communities` (
  `id` bigint unsigned NOT NULL AUTO_INCREMENT,
  `name` varchar(150) CHARACTER SET utf8mb4 COLLATE utf8mb4_unicode_ci DEFAULT NULL,
  `admin_user_id` bigint unsigned NOT NULL,
  UNIQUE KEY `id` (`id`),
  KEY `communities_name_idx` (`name`),
  KEY `admin_user_id` (`admin_user_id`),
  CONSTRAINT `communities_ibfk_1` FOREIGN KEY (`admin_user_id`) REFERENCES `users` (`id`)
) ENGINE=InnoDB AUTO_INCREMENT=101 DEFAULT CHARSET=utf8mb4 COLLATE=utf8mb4_unicode_ci;
/*!40101 SET character_set_client = @saved_cs_client */;

--
-- Dumping data for table `communities`
--

LOCK TABLES `communities` WRITE;
/*!40000 ALTER TABLE `communities` DISABLE KEYS */;
INSERT INTO `communities` VALUES (1,'sint',172),(2,'fugiat',173),(3,'sit',174),(4,'et',176),(5,'corporis',177),(6,'distinctio',180),(7,'iusto',181),(8,'voluptas',184),(9,'est',186),(10,'quibusdam',190),(11,'doloremque',192),(12,'eum',193),(13,'blanditiis',194),(14,'sapiente',196),(15,'qui',197),(16,'sed',198),(17,'commodi',199),(18,'rerum',204),(19,'impedit',208),(20,'accusantium',211),(21,'delectus',212),(22,'facere',215),(23,'dolorum',216),(24,'quos',219),(25,'ex',221),(26,'beatae',222),(27,'deleniti',224),(28,'sit',225),(29,'eum',226),(30,'in',228),(31,'omnis',230),(32,'quia',231),(33,'optio',232),(34,'eos',235),(35,'ut',237),(36,'exercitationem',238),(37,'consequatur',240),(38,'ad',241),(39,'qui',247),(40,'sit',250),(41,'voluptatibus',252),(42,'natus',253),(43,'odit',257),(44,'assumenda',258),(45,'dolorem',260),(46,'ea',264),(47,'nemo',265),(48,'quisquam',266),(49,'dolores',267),(50,'quos',268),(51,'ut',269),(52,'molestiae',271),(53,'impedit',272),(54,'qui',273),(55,'cupiditate',274),(56,'facilis',276),(57,'dolorem',278),(58,'illo',279),(59,'dolorem',281),(60,'veritatis',282),(61,'autem',284),(62,'deleniti',285),(63,'est',287),(64,'sint',289),(65,'est',290),(66,'dolores',291),(67,'unde',292),(68,'non',293),(69,'ipsum',295),(70,'quia',296),(71,'odio',297),(72,'mollitia',298),(73,'est',299),(74,'eveniet',301),(75,'saepe',304),(76,'veritatis',305),(77,'voluptatibus',306),(78,'tempore',308),(79,'eius',309),(80,'quisquam',311),(81,'voluptatum',312),(82,'assumenda',313),(83,'ipsum',314),(84,'asperiores',316),(85,'voluptates',317),(86,'qui',318),(87,'tempore',319),(88,'quaerat',321),(89,'esse',322),(90,'et',323),(91,'et',326),(92,'molestias',327),(93,'praesentium',329),(94,'veritatis',330),(95,'voluptatem',332),(96,'molestiae',333),(97,'voluptatum',334),(98,'delectus',335),(99,'et',338),(100,'odio',342);
/*!40000 ALTER TABLE `communities` ENABLE KEYS */;
UNLOCK TABLES;

--
-- Table structure for table `friend_requests`
--

DROP TABLE IF EXISTS `friend_requests`;
/*!40101 SET @saved_cs_client     = @@character_set_client */;
/*!50503 SET character_set_client = utf8mb4 */;
CREATE TABLE `friend_requests` (
  `initiator_user_id` bigint unsigned NOT NULL,
  `target_user_id` bigint unsigned NOT NULL,
  `status` enum('requested','approved','declined','unfriended') CHARACTER SET utf8mb4 COLLATE utf8mb4_unicode_ci DEFAULT NULL,
  `requested_at` datetime DEFAULT CURRENT_TIMESTAMP,
  `updated_at` datetime DEFAULT NULL ON UPDATE CURRENT_TIMESTAMP,
  PRIMARY KEY (`initiator_user_id`,`target_user_id`),
  KEY `target_user_id` (`target_user_id`),
  CONSTRAINT `friend_requests_ibfk_1` FOREIGN KEY (`initiator_user_id`) REFERENCES `users` (`id`),
  CONSTRAINT `friend_requests_ibfk_2` FOREIGN KEY (`target_user_id`) REFERENCES `users` (`id`)
) ENGINE=InnoDB DEFAULT CHARSET=utf8mb4 COLLATE=utf8mb4_unicode_ci;
/*!40101 SET character_set_client = @saved_cs_client */;

--
-- Dumping data for table `friend_requests`
--

LOCK TABLES `friend_requests` WRITE;
/*!40000 ALTER TABLE `friend_requests` DISABLE KEYS */;
INSERT INTO `friend_requests` VALUES (172,318,'declined','1970-10-06 11:01:36','2021-08-01 17:05:07'),(173,269,'unfriended','2009-03-16 14:46:16','2021-08-01 17:05:07'),(174,311,'approved','1992-02-22 08:25:06','2021-08-01 17:05:07'),(176,276,'unfriended','2001-05-09 08:05:00','2021-08-01 17:05:07'),(177,326,'requested','1996-09-25 18:26:49','2021-08-01 17:05:07'),(180,192,'approved','2007-11-24 14:37:36','2021-08-01 17:05:07'),(181,342,'requested','1999-02-16 18:01:33','2021-08-01 17:05:07'),(184,196,'approved','1990-10-07 12:23:50','2021-08-01 17:05:07'),(186,208,'declined','1993-11-29 14:19:34','2021-08-01 17:05:07'),(190,186,'requested','1988-02-12 01:58:25','2021-08-01 17:05:07'),(192,204,'approved','1975-05-21 02:22:41','2021-08-01 17:05:07'),(193,274,'unfriended','2007-07-05 19:34:34','2021-08-01 17:05:07'),(194,173,'declined','1992-05-31 09:57:34','2021-08-01 17:05:07'),(196,321,'unfriended','1984-02-16 08:17:54','2021-08-01 17:05:07'),(197,260,'requested','1991-06-08 07:16:05','2021-08-01 17:05:07'),(198,211,'requested','1983-04-22 15:05:30','2021-08-01 17:05:07'),(199,290,'declined','2016-10-28 03:23:25','2021-08-01 17:05:07'),(204,301,'approved','1986-02-07 03:43:29','2021-08-01 17:05:07'),(208,295,'declined','1972-01-30 07:26:58','2021-08-01 17:05:07'),(211,326,'requested','1998-05-26 19:12:57','2021-08-01 17:05:07'),(212,211,'declined','2007-05-02 06:44:59','2021-08-01 17:05:07'),(215,289,'approved','2001-12-19 06:47:59','2021-08-01 17:05:07'),(216,306,'approved','1983-08-19 22:23:17','2021-08-01 17:05:07'),(219,290,'declined','2020-09-07 20:14:40','2021-08-01 17:05:07'),(221,241,'declined','1983-02-07 16:18:50','2021-08-01 17:05:07'),(222,216,'requested','1998-12-26 01:06:06','2021-08-01 17:05:07'),(224,323,'declined','2001-04-02 08:03:58','2021-08-01 17:05:07'),(225,317,'approved','1990-01-28 15:28:41','2021-08-01 17:05:07'),(226,250,'declined','2021-01-21 21:58:32','2021-08-01 17:05:07'),(228,199,'approved','2003-07-31 05:35:54','2021-08-01 17:05:07'),(230,235,'unfriended','1996-05-18 17:07:34','2021-08-01 17:05:07'),(231,282,'declined','1990-08-29 05:18:59','2021-08-01 17:05:07'),(232,268,'requested','2020-07-31 15:10:11','2021-08-01 17:05:07'),(235,276,'declined','1997-06-09 18:57:12','2021-08-01 17:05:07'),(237,298,'unfriended','1979-12-19 23:44:34','2021-08-01 17:05:07'),(238,274,'unfriended','1983-03-08 21:07:01','2021-08-01 17:05:07'),(240,238,'requested','2003-02-27 06:41:34','2021-08-01 17:05:07'),(241,260,'requested','1978-05-05 02:40:02','2021-08-01 17:05:07'),(247,197,'requested','1977-11-08 01:36:10','2021-08-01 17:05:07'),(250,225,'declined','2011-03-06 18:25:01','2021-08-01 17:05:07'),(252,180,'unfriended','1977-03-13 06:39:07','2021-08-01 17:05:07'),(253,250,'unfriended','1986-10-14 00:03:46','2021-08-01 17:05:07'),(257,308,'unfriended','2011-04-21 22:47:45','2021-08-01 17:05:07'),(258,322,'approved','1976-12-11 10:45:35','2021-08-01 17:05:07'),(260,176,'requested','1997-07-14 09:30:17','2021-08-01 17:05:07'),(264,181,'requested','1972-03-17 02:05:18','2021-08-01 17:05:07'),(265,274,'unfriended','2003-01-06 04:00:33','2021-08-01 17:05:07'),(266,281,'requested','2004-12-22 02:09:21','2021-08-01 17:05:07'),(267,222,'unfriended','2014-10-11 07:47:23','2021-08-01 17:05:07'),(268,338,'requested','2007-08-11 04:46:59','2021-08-01 17:05:07'),(269,215,'requested','1995-01-31 07:46:37','2021-08-01 17:05:07'),(271,290,'requested','2017-07-11 03:20:45','2021-08-01 17:05:07'),(272,250,'declined','1998-11-04 14:48:39','2021-08-01 17:05:07'),(273,193,'approved','1984-10-14 14:03:01','2021-08-01 17:05:07'),(274,279,'declined','1987-07-02 11:37:20','2021-08-01 17:05:07'),(276,291,'unfriended','2021-03-19 07:15:09','2021-08-01 17:05:07'),(278,285,'approved','2004-12-19 03:47:24','2021-08-01 17:05:07'),(279,247,'approved','1990-11-11 10:10:23','2021-08-01 17:05:07'),(281,190,'approved','2000-08-11 10:45:18','2021-08-01 17:05:07'),(282,291,'requested','2013-03-22 10:12:17','2021-08-01 17:05:07'),(284,250,'approved','1970-05-16 01:48:17','2021-08-01 17:05:07'),(285,266,'requested','2019-07-10 12:58:16','2021-08-01 17:05:07'),(287,174,'approved','2017-10-22 06:38:30','2021-08-01 17:05:07'),(289,304,'approved','2014-09-25 15:01:00','2021-08-01 17:05:07'),(290,295,'unfriended','1974-11-11 22:40:26','2021-08-01 17:05:07'),(291,194,'declined','2003-05-06 18:20:16','2021-08-01 17:05:07'),(292,250,'unfriended','1978-04-05 03:39:46','2021-08-01 17:05:07'),(293,199,'declined','1980-04-02 06:30:32','2021-08-01 17:05:07'),(295,287,'declined','1981-05-20 21:50:13','2021-08-01 17:05:07'),(296,312,'requested','1999-01-18 14:59:03','2021-08-01 17:05:07'),(297,327,'requested','1972-03-25 14:22:50','2021-08-01 17:05:07'),(298,224,'unfriended','2014-07-30 18:30:18','2021-08-01 17:05:07'),(299,180,'approved','2003-10-03 23:07:53','2021-08-01 17:05:07'),(301,292,'unfriended','1974-12-05 03:59:33','2021-08-01 17:05:07'),(304,271,'declined','2010-12-05 10:52:46','2021-08-01 17:05:07'),(305,335,'declined','1987-09-28 11:16:37','2021-08-01 17:05:07'),(306,208,'approved','2017-09-19 05:38:04','2021-08-01 17:05:07'),(308,285,'declined','2019-05-20 02:49:34','2021-08-01 17:05:07'),(309,172,'declined','1994-08-09 10:29:00','2021-08-01 17:05:07'),(311,196,'requested','1999-05-21 05:29:00','2021-08-01 17:05:07'),(312,317,'declined','2014-09-14 05:06:48','2021-08-01 17:05:07'),(313,196,'unfriended','2012-09-24 10:05:22','2021-08-01 17:05:07'),(314,269,'declined','1993-10-24 18:26:22','2021-08-01 17:05:07'),(316,240,'approved','2000-07-23 22:36:19','2021-08-01 17:05:07'),(317,212,'declined','1991-10-13 20:58:35','2021-08-01 17:05:07'),(318,197,'declined','1992-05-31 18:49:32','2021-08-01 17:05:07'),(319,323,'declined','1974-03-08 14:37:17','2021-08-01 17:05:07'),(321,226,'unfriended','1973-06-21 02:18:07','2021-08-01 17:05:07'),(322,174,'approved','2021-02-03 20:32:42','2021-08-01 17:05:07'),(323,311,'approved','2019-10-02 16:45:18','2021-08-01 17:05:07'),(326,274,'requested','1999-01-17 19:31:33','2021-08-01 17:05:07'),(327,197,'approved','1983-11-13 20:43:28','2021-08-01 17:05:07'),(329,257,'declined','1996-09-12 10:58:30','2021-08-01 17:05:07'),(330,269,'requested','1986-05-08 19:40:25','2021-08-01 17:05:07'),(332,295,'unfriended','2005-12-03 20:05:11','2021-08-01 17:05:07'),(333,304,'requested','2015-12-25 05:55:13','2021-08-01 17:05:07'),(334,216,'declined','2012-05-30 07:36:23','2021-08-01 17:05:07'),(335,342,'unfriended','1987-09-24 08:30:50','2021-08-01 17:05:07'),(338,204,'declined','1993-12-08 22:55:00','2021-08-01 17:05:07'),(342,252,'declined','1991-09-02 07:45:28','2021-08-01 17:05:07');
/*!40000 ALTER TABLE `friend_requests` ENABLE KEYS */;
UNLOCK TABLES;

--
-- Table structure for table `likes`
--

DROP TABLE IF EXISTS `likes`;
/*!40101 SET @saved_cs_client     = @@character_set_client */;
/*!50503 SET character_set_client = utf8mb4 */;
CREATE TABLE `likes` (
  `id` bigint unsigned NOT NULL AUTO_INCREMENT,
  `user_id` bigint unsigned NOT NULL,
  `media_id` bigint unsigned NOT NULL,
  `created_at` datetime DEFAULT CURRENT_TIMESTAMP,
  UNIQUE KEY `id` (`id`)
) ENGINE=InnoDB AUTO_INCREMENT=101 DEFAULT CHARSET=utf8mb4 COLLATE=utf8mb4_unicode_ci;
/*!40101 SET character_set_client = @saved_cs_client */;

--
-- Dumping data for table `likes`
--

LOCK TABLES `likes` WRITE;
/*!40000 ALTER TABLE `likes` DISABLE KEYS */;
INSERT INTO `likes` VALUES (1,172,1,'2007-08-21 16:13:42'),(2,173,2,'2014-04-11 17:30:26'),(3,174,3,'1982-06-28 21:48:50'),(4,176,4,'2014-07-03 07:41:40'),(5,177,5,'1974-08-11 20:57:49'),(6,180,6,'2009-10-14 06:42:23'),(7,181,7,'1970-06-24 06:52:04'),(8,184,8,'1982-10-20 20:27:06'),(9,186,9,'1979-09-14 02:41:00'),(10,190,10,'1971-10-29 05:03:28'),(11,192,11,'1975-12-21 12:01:32'),(12,193,12,'1983-04-18 00:30:26'),(13,194,13,'1975-12-15 13:35:47'),(14,196,14,'1992-04-10 07:57:41'),(15,197,15,'2001-09-05 10:50:38'),(16,198,16,'1975-01-18 06:03:41'),(17,199,17,'2019-07-10 05:30:02'),(18,204,18,'2016-01-19 11:59:19'),(19,208,19,'2012-10-21 14:44:32'),(20,211,20,'1999-01-10 00:50:25'),(21,212,21,'1975-06-06 10:23:27'),(22,215,22,'2013-05-02 21:38:44'),(23,216,23,'1998-03-18 01:24:21'),(24,219,24,'1984-12-20 01:38:54'),(25,221,25,'2019-10-09 13:58:21'),(26,222,26,'2015-05-16 01:01:55'),(27,224,27,'2020-10-21 23:25:25'),(28,225,28,'1979-11-24 18:35:10'),(29,226,29,'1974-01-25 04:00:37'),(30,228,30,'1989-09-07 23:28:21'),(31,230,31,'1980-02-20 20:45:46'),(32,231,32,'2004-10-02 16:23:12'),(33,232,33,'2006-11-11 09:25:24'),(34,235,34,'1990-12-06 12:44:34'),(35,237,35,'2002-03-18 10:17:35'),(36,238,36,'2015-07-15 18:32:17'),(37,240,37,'1994-04-22 13:45:06'),(38,241,38,'1996-02-10 14:25:21'),(39,247,39,'1975-08-08 21:33:08'),(40,250,40,'1970-12-25 18:00:58'),(41,252,41,'2015-11-24 12:48:51'),(42,253,42,'2006-03-15 11:09:37'),(43,257,43,'1976-02-08 11:23:13'),(44,258,44,'1986-07-30 09:39:43'),(45,260,45,'1990-09-02 04:04:23'),(46,264,46,'1996-02-16 17:36:50'),(47,265,47,'1998-11-25 21:48:15'),(48,266,48,'1988-09-03 04:38:02'),(49,267,49,'2013-05-01 18:20:46'),(50,268,50,'1990-08-09 00:27:47'),(51,269,51,'1985-03-11 12:24:41'),(52,271,52,'1975-01-14 23:36:04'),(53,272,53,'2016-03-25 14:29:57'),(54,273,54,'1985-09-05 16:45:39'),(55,274,55,'2004-07-01 04:23:41'),(56,276,56,'1970-03-30 07:51:22'),(57,278,57,'2019-11-11 04:07:03'),(58,279,58,'1977-06-16 12:42:22'),(59,281,59,'2001-10-22 07:38:49'),(60,282,60,'1979-10-29 16:02:41'),(61,284,61,'2015-05-20 10:59:12'),(62,285,62,'1975-07-05 09:25:59'),(63,287,63,'2006-05-04 15:40:52'),(64,289,64,'2019-02-26 03:21:26'),(65,290,65,'1987-01-17 15:20:30'),(66,291,66,'1989-01-16 00:41:46'),(67,292,67,'1970-12-25 16:41:21'),(68,293,68,'1972-09-16 07:22:16'),(69,295,69,'1979-08-11 02:55:02'),(70,296,70,'2007-08-07 18:17:25'),(71,297,71,'2007-04-02 03:16:21'),(72,298,72,'1972-06-29 20:48:51'),(73,299,73,'2021-04-03 15:15:28'),(74,301,74,'1988-04-17 04:16:05'),(75,304,75,'2010-11-01 09:53:01'),(76,305,76,'2011-10-11 18:23:11'),(77,306,77,'1976-10-21 23:46:07'),(78,308,78,'2002-04-09 16:24:39'),(79,309,79,'2003-10-04 14:59:24'),(80,311,80,'2008-07-19 00:48:08'),(81,312,81,'1994-12-25 01:49:28'),(82,313,82,'2016-07-23 01:28:43'),(83,314,83,'2009-06-21 21:06:47'),(84,316,84,'1988-09-12 07:52:25'),(85,317,85,'1982-03-01 14:19:44'),(86,318,86,'1973-02-07 22:33:46'),(87,319,87,'2011-01-05 08:29:42'),(88,321,88,'2014-11-16 17:10:02'),(89,322,89,'1986-03-20 13:46:58'),(90,323,90,'1981-10-11 06:23:28'),(91,326,91,'1995-07-05 09:52:15'),(92,327,92,'2005-11-02 06:55:47'),(93,329,93,'1990-11-30 03:34:56'),(94,330,94,'2017-06-16 19:12:39'),(95,332,95,'2002-11-12 15:57:15'),(96,333,96,'1970-09-01 15:49:54'),(97,334,97,'2005-07-04 21:02:00'),(98,335,98,'1991-02-15 12:06:43'),(99,338,99,'2013-04-04 19:33:56'),(100,342,100,'1995-04-10 18:42:06');
/*!40000 ALTER TABLE `likes` ENABLE KEYS */;
UNLOCK TABLES;

--
-- Table structure for table `media`
--

DROP TABLE IF EXISTS `media`;
/*!40101 SET @saved_cs_client     = @@character_set_client */;
/*!50503 SET character_set_client = utf8mb4 */;
CREATE TABLE `media` (
  `id` bigint unsigned NOT NULL AUTO_INCREMENT,
  `media_type_id` bigint unsigned NOT NULL,
  `user_id` bigint unsigned NOT NULL,
  `body` text CHARACTER SET utf8mb4 COLLATE utf8mb4_unicode_ci,
  `filename` varchar(255) CHARACTER SET utf8mb4 COLLATE utf8mb4_unicode_ci DEFAULT NULL,
  `size` int DEFAULT NULL,
  `metadata` longtext CHARACTER SET utf8mb4 COLLATE utf8mb4_bin,
  `created_at` datetime DEFAULT CURRENT_TIMESTAMP,
  `updated_at` datetime DEFAULT NULL ON UPDATE CURRENT_TIMESTAMP,
  UNIQUE KEY `id` (`id`),
  KEY `user_id` (`user_id`),
  KEY `media_type_id` (`media_type_id`),
  CONSTRAINT `media_ibfk_1` FOREIGN KEY (`user_id`) REFERENCES `users` (`id`),
  CONSTRAINT `media_ibfk_2` FOREIGN KEY (`media_type_id`) REFERENCES `media_types` (`id`),
  CONSTRAINT `media_chk_1` CHECK (json_valid(`metadata`))
) ENGINE=InnoDB AUTO_INCREMENT=101 DEFAULT CHARSET=utf8mb4 COLLATE=utf8mb4_unicode_ci;
/*!40101 SET character_set_client = @saved_cs_client */;

--
-- Dumping data for table `media`
--

LOCK TABLES `media` WRITE;
/*!40000 ALTER TABLE `media` DISABLE KEYS */;
INSERT INTO `media` VALUES (1,1,172,'Hic enim libero consequatur vel veniam illo. Magni voluptates eius omnis. Voluptatem doloribus et at aut sed porro. Doloribus doloremque molestias dolores quae.','explicabo',0,NULL,'1974-03-12 19:13:32','1988-07-17 08:40:16'),(2,2,173,'Quo dolorem aut magnam. At architecto et qui natus voluptas voluptas. Odio dignissimos qui ut consequatur. Ea maiores quo quos aut minima rerum alias eos.','nam',1,NULL,'1973-05-28 13:21:31','2010-06-09 08:18:36'),(3,3,174,'Consequuntur voluptatem et sit adipisci ad qui. Dolorum optio nostrum minima reprehenderit nulla nostrum consequatur soluta. Ad culpa sint saepe nostrum.','ipsam',88264,NULL,'1976-12-26 20:20:50','1984-05-15 13:09:36'),(4,4,176,'Et non rerum sint voluptatem. Exercitationem voluptatem nihil qui cupiditate dolores nemo totam molestias. Unde dolorum iure mollitia officia molestias laboriosam.','id',1,NULL,'1978-02-05 16:07:15','2013-10-19 22:25:36'),(5,5,177,'Voluptas numquam non est vel vel et. Id pariatur officiis et suscipit ut ab est dolor. Velit enim veniam ut quos. Est illo velit qui recusandae.','delectus',577,NULL,'1987-12-10 10:09:20','2006-09-20 05:32:40'),(6,6,180,'Itaque veniam pariatur nam delectus. Consequatur commodi consequatur animi sit rerum velit neque. Voluptas praesentium asperiores repudiandae id et.','eos',46,NULL,'1994-04-30 23:25:54','1995-01-23 10:54:30'),(7,7,181,'Minus numquam tempore omnis voluptatum minus dolores optio. Consectetur et repudiandae ut et quo atque ea. Voluptas deleniti molestiae deleniti facilis rerum nihil et.','explicabo',326487022,NULL,'1990-06-27 17:01:55','2016-06-05 20:58:36'),(8,8,184,'Dolore accusantium consequuntur voluptas. Praesentium harum consequatur ullam ut. Sed illo praesentium cupiditate suscipit qui quae est.','ducimus',8856,NULL,'2002-05-28 00:07:03','2013-07-24 10:32:07'),(9,9,186,'Repudiandae eum accusamus dolores consequatur voluptate doloribus. Eos a quis nemo maiores corrupti et. Quo consequatur earum odit accusamus. Ea qui molestiae totam et totam.','officiis',40,NULL,'1984-03-14 14:45:29','2016-05-03 06:29:24'),(10,10,190,'A quia sint a asperiores ut harum laboriosam sint. Sed rerum aliquam voluptate sequi neque ullam consectetur. Rerum dolorum dolores et sed molestias. Ipsum modi ipsum ut illo consequatur sint praesentium enim.','vero',87771111,NULL,'2019-11-22 01:12:18','1983-05-01 05:31:52'),(11,11,192,'Hic quae odio blanditiis odio sunt. Temporibus et adipisci dolore dicta omnis molestiae adipisci. Qui cum quo excepturi nesciunt. Omnis et sed quam.','reiciendis',55,NULL,'2009-10-17 08:26:27','1997-12-15 14:01:23'),(12,12,193,'Provident quia aut perferendis vel. Est incidunt non id incidunt quod excepturi. Et et aspernatur numquam et nostrum ex aspernatur qui.','aut',0,NULL,'2015-10-25 11:26:05','1986-03-14 21:10:56'),(13,13,194,'Voluptates corrupti suscipit in ut. Nostrum dolorem placeat fugit optio rerum qui nisi. Qui dolor veritatis repudiandae temporibus nesciunt quae earum eaque.','cum',369418998,NULL,'2004-03-29 15:15:43','1988-09-17 12:46:29'),(14,14,196,'Eos ea facere facilis veritatis nihil harum voluptate. Provident non velit id quis. Quam autem et qui. Velit eum ut ut id minus similique.','rerum',862351790,NULL,'1986-10-16 19:28:55','1973-03-07 22:12:24'),(15,15,197,'Non velit aliquid repudiandae dolores ut aut eius. Quos quisquam est aperiam ut perspiciatis dolores et. Neque beatae rerum in temporibus sint consequatur.','aut',7761,NULL,'1971-09-18 16:26:54','1997-01-23 12:57:02'),(16,16,198,'Vel quis ad voluptas recusandae enim ipsa. Voluptatum doloribus magni earum recusandae perspiciatis voluptatem a. Illo quod est inventore quia architecto consectetur.','rerum',753150,NULL,'2000-02-22 02:38:28','1982-05-21 04:05:14'),(17,17,199,'Fugit voluptatem in hic asperiores ratione non cumque. Sapiente est rerum consectetur officiis aperiam sit minima. Pariatur et quis accusantium reprehenderit nobis facere. Quia est laboriosam aperiam ipsam natus facilis. Assumenda error at sed non.','quos',0,NULL,'2019-03-20 10:58:05','1978-08-09 11:54:23'),(18,18,204,'Cupiditate vel facere voluptatum eius et cum. Est aut est pariatur consequatur. Dolor vel magni ut reprehenderit maxime dolorem. Esse sunt deleniti labore sit aliquam asperiores non.','omnis',10604,NULL,'1986-08-20 04:52:09','1983-04-16 12:02:12'),(19,19,208,'Ut et ad saepe quia. Sint quia repellat natus ratione. Et quod placeat facere deserunt.','accusantium',9356,NULL,'2015-09-02 15:26:02','2014-03-11 11:04:50'),(20,20,211,'Quibusdam voluptatem libero sunt voluptatem tempora non vel esse. Aperiam corrupti iste dolorum hic deserunt nihil. Qui ullam qui quis pariatur eum.','ratione',0,NULL,'1992-05-28 18:38:18','2009-03-09 09:44:07'),(21,1,212,'Repellat dolore aliquid alias eos maxime qui iste. Asperiores soluta eaque architecto aut. Nulla eum quo a ex.','enim',47,NULL,'1973-01-23 22:42:13','1982-05-30 08:31:11'),(22,2,215,'Voluptatem eum aut aliquid officiis cupiditate quas est. Totam qui est qui velit voluptatem impedit. Exercitationem est earum ratione omnis dolor voluptas consequuntur. Autem quo recusandae vel velit eum ut amet.','asperiores',0,NULL,'2003-01-15 19:33:06','1991-09-24 14:25:39'),(23,3,216,'Quis aut ut asperiores facilis aut temporibus. Est asperiores ratione minus quidem alias. Dolore ullam sequi quis nobis ab. Libero nam minus itaque qui eos.','maxime',509817148,NULL,'1980-04-27 12:57:30','2015-10-02 00:43:31'),(24,4,219,'Reprehenderit aut reiciendis modi quibusdam iure. Similique aperiam debitis quia quod voluptas repellendus.','deserunt',3,NULL,'1973-10-07 23:07:43','2020-03-18 14:54:41'),(25,5,221,'Illum aliquid animi necessitatibus dolorem omnis quia. Omnis illum aut iure soluta nostrum ipsam id. Quasi eum laudantium saepe.','cumque',33632,NULL,'1993-07-17 12:26:52','1978-12-10 15:48:35'),(26,6,222,'Veritatis suscipit reiciendis optio sit deserunt. Incidunt in magnam non ipsa atque exercitationem. Dolorem reiciendis eius tempore voluptatem aliquid beatae. Quaerat possimus quo ex est.','beatae',9041,NULL,'2003-03-06 19:29:59','1981-12-28 00:55:16'),(27,7,224,'Est nemo libero eveniet dolores voluptatum laborum consequatur. Ut voluptas similique hic praesentium numquam atque. Sit sunt earum eum consectetur. Quidem laudantium quidem aut voluptatem consequatur minus velit.','nulla',3,NULL,'2014-03-24 15:18:54','1986-10-14 12:23:40'),(28,8,225,'Omnis non unde voluptatum labore. Sed adipisci laborum sed rem. Enim sed voluptas dolorum.','magni',95,NULL,'2017-05-14 17:32:11','2003-12-13 21:13:44'),(29,9,226,'Consequuntur alias repudiandae sit excepturi. Quo nostrum dolores vel neque. Rerum sit id adipisci enim labore.','est',56,NULL,'1991-08-11 06:40:12','2006-12-12 20:21:34'),(30,10,228,'Nisi repudiandae voluptate ut consequatur esse ea illum illum. Vel neque voluptatem laboriosam quaerat. Dolorem nulla laudantium qui magnam.','ut',94773,NULL,'1997-11-14 23:22:11','2007-11-18 09:34:13'),(31,11,230,'Dolorem autem est aliquid voluptatem quibusdam in voluptate aut. Nihil blanditiis et facilis porro. Occaecati iusto vero cupiditate veniam reprehenderit. Beatae aliquam consequatur voluptatem ea debitis. Numquam nihil et sit molestiae aspernatur aut ut.','modi',30330,NULL,'1976-04-04 21:24:34','1990-12-08 22:16:27'),(32,12,231,'Nam delectus perferendis perferendis quo ad corporis reprehenderit. Odit voluptatum sed itaque libero.','aut',42,NULL,'1999-07-01 12:38:17','1995-03-12 18:39:34'),(33,13,232,'Aliquam quaerat tempora consequatur occaecati ut. At aut quae optio optio. Repellendus est provident inventore et. Et qui autem minima perferendis qui placeat impedit.','necessitatibus',0,NULL,'2018-11-20 21:56:34','1982-07-19 06:26:42'),(34,14,235,'Ex necessitatibus magnam atque excepturi fugit sit error. Laudantium sequi quis officia explicabo quo qui ut itaque. Debitis quia numquam quidem veniam cum qui perspiciatis. Maxime et quia et.','esse',52705178,NULL,'2005-03-18 19:26:50','1979-05-22 21:47:32'),(35,15,237,'Nam sit vitae nulla ratione assumenda voluptatem. Dolores et ut dolor porro vel architecto non ut. Et qui quo eum animi.','sapiente',912263479,NULL,'2018-01-28 15:00:48','2007-10-21 11:01:24'),(36,16,238,'Omnis illo rerum suscipit blanditiis ut quidem. Ea id ullam consequatur natus laborum.','ducimus',60,NULL,'1970-05-20 09:21:11','1993-04-13 22:20:11'),(37,17,240,'Impedit a deleniti enim voluptas fuga nulla quibusdam. Culpa assumenda impedit mollitia ut dignissimos. Voluptatum officiis sunt vitae beatae dolorem inventore labore quidem.','voluptatem',43017531,NULL,'2007-06-17 04:26:15','2009-03-30 03:41:34'),(38,18,241,'Magnam enim architecto aspernatur adipisci corporis sed accusantium. Tempora molestias recusandae id dolor. Quis possimus ab molestias ea laudantium enim. Dolor soluta corporis rerum quia distinctio exercitationem labore quaerat.','fugiat',310,NULL,'2010-05-15 07:20:10','2012-01-30 17:03:16'),(39,19,247,'Voluptas et iusto recusandae cum velit incidunt. Tempora ea consequuntur molestias eum. Consequuntur ut facilis a tenetur ex at. Facilis dolores aut impedit et architecto libero.','consequatur',7226938,NULL,'2007-02-11 07:22:26','2012-11-12 21:01:26'),(40,20,250,'Ipsam deleniti aliquid et perferendis consequatur sequi. Officia quis quasi voluptatem nostrum omnis est aut id. Natus error veniam magnam illo ut. Accusantium voluptatem eos inventore quia libero.','animi',1213810,NULL,'1981-02-10 05:20:05','1997-05-04 02:32:24'),(41,1,252,'Rerum voluptatem voluptatum ipsa pariatur asperiores explicabo veritatis ullam. Voluptate repellat impedit rerum.','nesciunt',983953,NULL,'2005-03-04 08:46:06','1994-01-11 06:07:07'),(42,2,253,'Veniam soluta modi quam nostrum autem veritatis. Repellat aut labore ad et totam. Vel quia nostrum facilis sunt ex tenetur numquam consequatur.','animi',350884,NULL,'1986-07-12 17:46:50','2020-12-14 14:29:19'),(43,3,257,'Quia dolor doloribus repellendus pariatur nulla deserunt. Vel consequatur quis temporibus aliquam autem veritatis. Facere sunt expedita ipsum ut sunt repellat.','et',1,NULL,'1974-05-13 21:22:03','1990-06-13 11:24:37'),(44,4,258,'Vel quia ipsum eos delectus officia velit. Et excepturi aliquam ut et veniam sunt. Sunt voluptatibus ut cum totam. Architecto atque qui aut necessitatibus inventore necessitatibus impedit.','aut',477850,NULL,'1988-03-01 08:50:34','2008-11-03 01:36:34'),(45,5,260,'Tempore rerum nostrum accusamus rerum sunt temporibus et. Consectetur placeat voluptas ut sequi quaerat dolorem. Voluptatem quaerat ipsa id sit. Qui ex exercitationem inventore sunt sed.','dolorem',37136,NULL,'2011-10-03 16:07:47','1991-02-06 00:39:41'),(46,6,264,'Omnis vero qui saepe cumque quis fugit. Nam ab quo sed qui quia dolores nisi. Voluptate earum atque commodi eum. Non explicabo aut praesentium adipisci.','cupiditate',2546717,NULL,'1990-10-02 13:12:42','1974-08-23 16:22:11'),(47,7,265,'Corporis dicta quos incidunt dicta beatae maiores vel. Ut itaque nemo voluptatibus.','voluptatibus',18484,NULL,'1998-07-26 22:48:03','1997-10-18 11:50:05'),(48,8,266,'Nesciunt commodi et nihil ullam alias. Ipsum iste ipsum reiciendis accusamus. Enim culpa at dolores est veniam sequi officiis. Numquam voluptas vero quisquam. Illum sed non eum repellat laborum eius repellendus.','aliquid',3452,NULL,'1988-08-13 19:57:44','1980-01-10 20:48:36'),(49,9,267,'Et fuga repellat omnis consequatur vel sunt debitis. Accusamus earum quisquam in harum odio quis corporis.','sit',1933,NULL,'1976-02-14 23:46:01','1978-11-11 00:44:10'),(50,10,268,'Sit pariatur qui eum cupiditate maiores. Repudiandae omnis nostrum distinctio velit et modi et. Quia vel molestiae sint accusantium quo. Et numquam ab eveniet dolores voluptas qui blanditiis.','nobis',167,NULL,'2005-11-30 14:03:12','2010-09-21 15:57:39'),(51,11,269,'Consequatur blanditiis quia dolorem magni. Voluptatum reprehenderit pariatur quo deserunt rerum. Aut et qui quis ducimus eius reiciendis aut nihil. Sint facere est vero enim.','mollitia',825,NULL,'1986-08-27 00:36:03','1992-05-12 22:23:20'),(52,12,271,'Impedit ipsum et dicta repellat voluptatum error et. Distinctio quidem est ut nobis. Nemo nihil maxime aspernatur ratione ut. Magni iusto velit maiores velit.','sunt',5014124,NULL,'1994-04-15 06:52:38','1980-07-26 10:05:56'),(53,13,272,'Accusamus cupiditate est beatae illo id neque et. Quibusdam repudiandae beatae facilis nobis ipsa nihil voluptatem. Laudantium tenetur optio ea. Qui nam eum dolorum beatae quae illo quibusdam est.','consequatur',28654,NULL,'2009-04-24 19:56:24','1983-09-08 21:50:01'),(54,14,273,'Rerum velit culpa distinctio. Doloribus nulla velit libero quibusdam. Consequatur qui facilis eos sed illo veniam qui veniam. Qui ex autem mollitia quo quae.','excepturi',54,NULL,'1984-03-25 16:28:43','2008-06-30 09:58:59'),(55,15,274,'In temporibus reprehenderit et possimus odit qui rerum. Similique quae voluptas asperiores vel labore eius modi. Ullam deleniti quas soluta sed. Dolor laboriosam quia voluptatem recusandae.','ut',870698519,NULL,'1971-05-23 12:26:29','2013-12-25 23:16:54'),(56,16,276,'Nobis eligendi asperiores voluptates itaque consequatur dolorum. Magni quibusdam unde at dolore. Illum et labore harum rerum corporis vero.','quam',8,NULL,'1997-08-24 22:49:23','1973-05-05 20:25:43'),(57,17,278,'Voluptate et eius sunt in. Nihil nostrum et veniam at. Voluptatem ullam assumenda fugit et facere.','mollitia',1364143,NULL,'1994-02-05 03:03:24','1985-02-23 13:29:23'),(58,18,279,'Dolores qui quis voluptas odio ullam. Commodi cumque dolores magni voluptatem. Rerum quos et dolores voluptatem.','et',94778,NULL,'2009-12-02 20:45:50','1978-07-14 06:52:02'),(59,19,281,'Voluptatum quis dicta est. Aut sapiente ipsum fugit debitis tenetur in. Itaque ab dolores perspiciatis aut et minima numquam.','ut',750797,NULL,'2018-07-18 22:49:09','2008-11-06 03:50:50'),(60,20,282,'Temporibus inventore magnam quo nostrum omnis ea. Consectetur necessitatibus adipisci tenetur sunt praesentium porro saepe aut. Eveniet sed et aut aut et magni rerum.','et',3804,NULL,'2007-02-23 10:03:20','1982-09-14 03:00:35'),(61,1,284,'Velit saepe corrupti vitae deleniti odit laudantium. Suscipit at nihil rem omnis quo ut quo. Iste commodi repellendus tenetur dolorem.','facilis',0,NULL,'2003-11-07 12:01:37','1997-06-07 03:55:42'),(62,2,285,'Architecto nostrum unde dolorum voluptatem accusamus. Reprehenderit sint voluptates deleniti voluptatem. Officiis accusamus laudantium culpa quis. Quas dolores distinctio voluptatum. Ut laudantium non ducimus ipsum illo minus.','quaerat',4079,NULL,'1991-02-16 04:51:17','1993-05-31 10:54:35'),(63,3,287,'Hic rem impedit ut ad. Qui sit optio dolore minima. Non voluptas eos sequi eos consequatur voluptatem ut. Quis tempore deserunt quod suscipit voluptas maxime.','vitae',203530,NULL,'1992-08-15 20:19:12','2019-08-29 13:19:49'),(64,4,289,'Sapiente cupiditate voluptatem eum omnis. Rerum quia accusantium aliquid voluptatem explicabo non sunt. Iure ex velit voluptates consequatur dolor in. Voluptas sunt optio dolor est omnis nulla.','quisquam',469752171,NULL,'1975-08-22 13:56:38','1975-09-03 15:55:59'),(65,5,290,'Enim ea ut necessitatibus consequuntur. Autem et fuga et et facere. Qui quidem aut deserunt reiciendis ipsa praesentium. Non corporis amet ducimus ut ut molestiae et. Quae cum eius alias sunt sit omnis.','velit',840579,NULL,'2003-07-09 07:18:31','1971-09-28 00:00:20'),(66,6,291,'Nihil aut quasi animi distinctio mollitia et ut. Rerum sequi itaque optio quibusdam eaque aut. Facere ut reprehenderit nihil dolorem qui.','sunt',11,NULL,'1985-06-18 23:06:08','1988-05-10 01:09:56'),(67,7,292,'Itaque vel velit dolore. Qui minus qui ut dolor qui cupiditate sit. Consequatur esse ratione vitae fugiat nisi.','eos',87671,NULL,'1990-07-23 09:29:38','2017-06-04 11:46:30'),(68,8,293,'Nihil sed et est qui consequatur. Quis iste quis nihil natus dolorum dolor reiciendis ab.','vel',1,NULL,'1984-08-05 18:28:35','2006-12-08 20:30:33'),(69,9,295,'Nesciunt quia tempora quia officia quasi. Impedit quis odio nulla est quia.','dolor',41098674,NULL,'1991-01-23 15:57:07','2003-12-17 14:43:51'),(70,10,296,'Enim nostrum recusandae et voluptas iusto. Rerum sed magnam ipsam et ut repudiandae. Quaerat id voluptatem autem doloremque.','ducimus',9377,NULL,'1973-08-02 14:46:26','2000-05-23 20:08:25'),(71,11,297,'Facilis dolorem et accusantium omnis porro. Laudantium explicabo deleniti sed perspiciatis similique iste mollitia cupiditate. Laudantium nostrum atque voluptatem molestiae neque et. Exercitationem necessitatibus omnis numquam est totam sunt est.','repellat',2973685,NULL,'1985-11-26 01:10:16','1993-11-06 15:16:47'),(72,12,298,'Neque quia et rerum porro vero qui sed. Deleniti dolore aut qui maiores sit labore. Nobis iusto consequatur quis aut nulla quos aut. Est natus vel voluptas.','aut',3,NULL,'1997-07-12 05:10:02','1986-01-11 09:47:55'),(73,13,299,'Corrupti nihil aut non. Consectetur ut doloribus eius qui id vel non.','rerum',45112,NULL,'1973-04-16 15:21:53','1997-04-22 01:38:59'),(74,14,301,'Voluptatem aut aut eveniet rerum. Aliquam neque in ratione atque. Minima ut dignissimos repellat consequuntur sed. Sed quidem aut ipsum quod.','vero',802466128,NULL,'1978-03-07 13:37:17','1982-02-08 14:11:53'),(75,15,304,'Occaecati adipisci nisi sunt quam in et atque. Doloribus sequi magni qui officiis natus. Sit deleniti praesentium quam qui et sunt. Exercitationem reiciendis corporis dolorem dolore reprehenderit a.','porro',19,NULL,'2006-12-06 04:06:26','2019-01-21 09:51:52'),(76,16,305,'Error nam nobis magnam rem dolores sit sed. Eum quam harum ducimus vero qui quod ab qui. Autem vel qui beatae totam unde.','modi',6784543,NULL,'2020-01-17 18:55:30','1995-01-03 23:13:49'),(77,17,306,'Est eveniet dolores dolores placeat qui. Magni qui est corrupti omnis est ratione harum tempora.','quam',10,NULL,'2011-07-11 13:50:37','1988-03-20 17:04:09'),(78,18,308,'Earum itaque quisquam perspiciatis quia iusto aut. Atque qui ratione qui eos est quo nisi distinctio. Et voluptates nemo quasi dignissimos. Vel quia magni dignissimos nihil laborum magnam accusamus.','et',9342,NULL,'1986-03-23 21:42:53','2007-12-25 07:36:35'),(79,19,309,'Eum necessitatibus nihil quia et officiis. Dolore sit velit ipsa placeat laborum illo sit laborum. Molestiae est sed ullam culpa perferendis consequatur. Ut aut a facere laudantium error.','mollitia',60682,NULL,'1975-07-07 22:07:19','1976-01-25 01:22:23'),(80,20,311,'Velit eum ab officia quo explicabo nihil inventore. Libero quia beatae rem nisi sunt ut.','optio',6,NULL,'2002-05-11 08:03:46','1996-08-16 16:41:54'),(81,1,312,'Et qui neque est nisi officiis qui. Quod quia nam tempore rerum optio ducimus eum. Sed sequi repellat necessitatibus eum.','repellendus',616247001,NULL,'2001-09-22 14:10:19','2007-11-18 03:17:18'),(82,2,313,'Rem dolores ad quis eos perspiciatis sunt officia. Dolorum voluptatem amet in voluptas molestiae pariatur nesciunt dicta. Ratione facere ut et unde. Fugiat necessitatibus pariatur quas eius neque tenetur reprehenderit ea.','non',5698439,NULL,'2017-11-13 02:11:38','2006-07-12 05:35:57'),(83,3,314,'Omnis beatae dolorem saepe rem. Omnis voluptatem voluptatem velit aut. Vel officiis officia et provident.','et',18186,NULL,'2009-07-23 23:16:17','1972-01-01 14:59:26'),(84,4,316,'Fugiat qui sint dolorum. Maxime doloremque omnis ea quasi qui quod harum. Accusamus voluptas possimus aperiam cum ut in ipsa.','accusamus',38543711,NULL,'2009-08-11 13:37:28','1998-12-17 12:58:35'),(85,5,317,'Quia debitis quia odit qui. Voluptatem dolores quidem nihil optio. Laborum est est atque impedit. Aliquam aut et dolorum autem. Dolores tenetur fugit magni tempore facere.','in',232768029,NULL,'1976-06-01 01:57:56','1995-07-10 02:02:46'),(86,6,318,'Sed qui cupiditate ratione fugiat. Quia cum in qui quae dolores. Et accusamus excepturi voluptas.','nemo',481,NULL,'2006-08-12 23:23:50','1978-08-13 22:36:48'),(87,7,319,'Porro commodi eos repellat animi suscipit non. Odit blanditiis aut qui et et ad.','minima',8,NULL,'1997-08-08 15:58:49','2005-04-20 06:14:44'),(88,8,321,'Officia similique iusto pariatur quidem qui est. Quam sed placeat necessitatibus harum.','dolorem',76,NULL,'1976-10-25 20:39:10','2000-06-17 01:18:39'),(89,9,322,'Id deleniti consequatur molestiae numquam ut. In ex perferendis ipsam. Dolorem tempora consequatur dolorem totam et minus dignissimos quasi. Et temporibus dolorem exercitationem dolorem et ut dolore.','enim',11183,NULL,'1982-04-18 16:29:42','2000-10-06 20:14:14'),(90,10,323,'Est enim dolores deserunt. Non sit autem ut distinctio atque voluptatem aut tempora. Non eaque assumenda dignissimos consequuntur qui. Neque fugit delectus ratione minus.','minus',687214141,NULL,'1997-06-06 17:56:42','2012-05-13 12:28:43'),(91,11,326,'Quidem sunt delectus nihil sunt aut officia earum aut. Mollitia explicabo asperiores eos voluptatem quos assumenda. Et corrupti iste aliquid iste.','quidem',0,NULL,'1990-10-04 04:00:47','2009-08-08 01:52:55'),(92,12,327,'Beatae atque voluptatum facere necessitatibus dolorem ut sunt nemo. Aliquid dignissimos eaque quasi recusandae.','modi',7,NULL,'2017-09-25 06:18:03','1981-02-23 10:55:03'),(93,13,329,'Et voluptatem reiciendis sed ut quo autem. Quam debitis id exercitationem labore animi. Sit ut velit quae rerum. Mollitia deserunt commodi inventore ullam minima.','aliquam',19431874,NULL,'2006-02-25 14:30:20','1987-07-16 04:23:04'),(94,14,330,'Amet iusto delectus totam sint molestiae sunt exercitationem laborum. Numquam voluptatem rem maiores ipsa repellat incidunt. Voluptatem beatae et ad consequatur magni.','consequatur',594587,NULL,'2001-12-18 20:41:34','1998-01-10 23:33:43'),(95,15,332,'Id nisi deleniti nemo eligendi et maiores. Rem aut magnam perferendis earum fugiat. Vel illo officiis distinctio. Id a voluptatum cupiditate aut necessitatibus.','qui',6826,NULL,'1971-12-10 22:42:03','1983-07-06 17:41:27'),(96,16,333,'Sint et eligendi aut. Aut dolorem placeat et est. Et saepe dolorum veritatis id quo eligendi mollitia modi. Omnis provident est aut id dolore iure recusandae nulla.','delectus',333,NULL,'2001-12-31 08:11:13','1970-10-13 23:28:20'),(97,17,334,'Sint aut perspiciatis repudiandae rerum. Voluptatem aliquid mollitia et excepturi. Fugiat et aspernatur aspernatur nulla tempora delectus.','est',28146,NULL,'2015-09-29 08:12:52','1974-09-14 08:45:46'),(98,18,335,'Dolores omnis et ea. Ut provident repellat cumque in et dolore alias.','esse',9053982,NULL,'2000-11-09 12:00:41','1971-08-28 02:56:03'),(99,19,338,'Quia vitae optio qui sapiente deserunt voluptatem. Autem soluta quidem est aut. Fugiat molestiae et sunt ullam vero dicta voluptas. Dolore beatae accusamus animi. Reiciendis non totam enim adipisci error.','est',518,NULL,'2004-08-08 01:41:58','2005-06-05 13:05:52'),(100,20,342,'Quibusdam quisquam dolorem beatae odit ex. Quasi et facilis ut et et. Quia praesentium facilis quod quasi quidem commodi et est.','recusandae',419741553,NULL,'2010-06-11 08:02:51','1972-01-30 11:55:54');
/*!40000 ALTER TABLE `media` ENABLE KEYS */;
UNLOCK TABLES;

--
-- Table structure for table `media_types`
--

DROP TABLE IF EXISTS `media_types`;
/*!40101 SET @saved_cs_client     = @@character_set_client */;
/*!50503 SET character_set_client = utf8mb4 */;
CREATE TABLE `media_types` (
  `id` bigint unsigned NOT NULL AUTO_INCREMENT,
  `name` varchar(255) CHARACTER SET utf8mb4 COLLATE utf8mb4_unicode_ci DEFAULT NULL,
  `created_at` datetime DEFAULT CURRENT_TIMESTAMP,
  `updated_at` datetime DEFAULT NULL ON UPDATE CURRENT_TIMESTAMP,
  UNIQUE KEY `id` (`id`)
) ENGINE=InnoDB AUTO_INCREMENT=21 DEFAULT CHARSET=utf8mb4 COLLATE=utf8mb4_unicode_ci;
/*!40101 SET character_set_client = @saved_cs_client */;

--
-- Dumping data for table `media_types`
--

LOCK TABLES `media_types` WRITE;
/*!40000 ALTER TABLE `media_types` DISABLE KEYS */;
INSERT INTO `media_types` VALUES (1,'dolores','1988-08-30 02:32:48','1976-05-12 14:05:04'),(2,'dolorem','2008-07-04 07:09:36','1993-12-31 04:15:54'),(3,'qui','2019-01-12 19:30:00','1997-10-20 09:24:17'),(4,'magnam','1997-05-13 19:01:33','2011-07-07 10:43:07'),(5,'voluptate','2015-08-06 02:41:07','2005-04-15 16:54:02'),(6,'quos','1985-09-03 04:11:03','1974-09-07 20:44:40'),(7,'sunt','1975-05-06 11:50:27','2014-04-13 10:20:23'),(8,'autem','2008-03-03 03:34:20','2008-08-11 16:18:23'),(9,'mollitia','1988-06-19 08:13:35','2011-12-23 15:26:38'),(10,'amet','2006-06-13 22:51:28','2015-05-27 00:18:23'),(11,'et','2004-08-05 23:36:43','1995-05-03 03:12:01'),(12,'atque','1975-09-05 15:00:16','1972-08-18 19:00:18'),(13,'veniam','1974-11-14 20:58:35','1982-02-27 12:17:07'),(14,'molestiae','1993-01-02 05:27:04','2015-10-08 04:54:53'),(15,'fugit','1973-02-15 00:08:59','2020-11-25 10:51:35'),(16,'dicta','1981-12-05 05:54:01','1985-05-21 23:30:12'),(17,'magni','1972-04-21 04:25:56','1993-01-30 05:04:49'),(18,'veniam','2020-12-19 12:53:35','2001-08-04 17:34:27'),(19,'nam','2018-12-10 14:35:13','2001-07-16 02:42:51'),(20,'assumenda','1999-10-20 02:03:51','1991-01-21 13:33:38');
/*!40000 ALTER TABLE `media_types` ENABLE KEYS */;
UNLOCK TABLES;

--
-- Table structure for table `messages`
--

DROP TABLE IF EXISTS `messages`;
/*!40101 SET @saved_cs_client     = @@character_set_client */;
/*!50503 SET character_set_client = utf8mb4 */;
CREATE TABLE `messages` (
  `id` bigint unsigned NOT NULL AUTO_INCREMENT,
  `from_user_id` bigint unsigned NOT NULL,
  `to_user_id` bigint unsigned NOT NULL,
  `body` text CHARACTER SET utf8mb4 COLLATE utf8mb4_unicode_ci,
  `created_at` datetime DEFAULT CURRENT_TIMESTAMP,
  UNIQUE KEY `id` (`id`),
  KEY `from_user_id` (`from_user_id`),
  KEY `to_user_id` (`to_user_id`),
  CONSTRAINT `messages_ibfk_1` FOREIGN KEY (`from_user_id`) REFERENCES `users` (`id`),
  CONSTRAINT `messages_ibfk_2` FOREIGN KEY (`to_user_id`) REFERENCES `users` (`id`)
) ENGINE=InnoDB AUTO_INCREMENT=101 DEFAULT CHARSET=utf8mb4 COLLATE=utf8mb4_unicode_ci;
/*!40101 SET character_set_client = @saved_cs_client */;

--
-- Dumping data for table `messages`
--

LOCK TABLES `messages` WRITE;
/*!40000 ALTER TABLE `messages` DISABLE KEYS */;
INSERT INTO `messages` VALUES (1,172,322,'Voluptatibus illum quos odit ab corporis voluptatem. Quis dolorem voluptatem aut dolorem. Doloremque eaque sunt aliquam excepturi dolore quisquam.','1990-12-23 04:13:10'),(2,173,323,'Et et et quasi reprehenderit. Est doloremque repellendus est modi officia.','2006-10-14 17:30:03'),(3,174,279,'Et quo voluptatem accusantium aut officiis quod ut. Iure iusto pariatur facere consequatur voluptate eos.','2005-11-15 11:46:21'),(4,176,281,'Pariatur ut ipsa dolorem autem similique nostrum eius. Et et ex necessitatibus qui. Sit similique architecto consectetur nostrum quia eum ullam.','2020-07-06 04:00:07'),(5,177,222,'Quis veritatis suscipit ducimus quia quas expedita quia temporibus. Ipsa cum tenetur molestiae eum tenetur.','1996-11-15 12:47:19'),(6,180,198,'Necessitatibus corrupti quisquam asperiores repellendus et tempora. Tempora quaerat animi deserunt est.','2021-02-18 15:36:20'),(7,181,224,'Sunt sed ut in non facilis velit consequatur. Iste ipsum adipisci qui magnam esse veritatis ratione. Qui nihil ex accusamus et.','2018-05-18 13:09:55'),(8,184,304,'Et ipsum ea eos. Voluptatem repellat et consectetur illum assumenda consequuntur praesentium commodi. Dolores ab officia perspiciatis est.','2001-12-26 03:02:56'),(9,186,174,'Aliquam voluptatem sed eos dolor. Officia sed aut ut. Eius vero optio voluptas quo.','1980-03-19 16:02:54'),(10,190,284,'Est cumque ipsam ullam esse pariatur. Nostrum dolores aut at praesentium beatae doloremque non. Occaecati nesciunt voluptatum autem voluptatibus praesentium.','1970-12-16 10:38:36'),(11,192,252,'Omnis sed in necessitatibus quis ea dignissimos consequuntur ea. Quo sequi voluptas a inventore doloribus. Pariatur nihil non qui consequatur.','1987-12-30 10:40:59'),(12,193,226,'Pariatur repellat est aut odit. Perspiciatis ipsum amet qui rerum. Dolore vero omnis deserunt non consectetur.','2010-03-12 13:13:50'),(13,194,216,'Nihil a officiis ea debitis. Ea asperiores assumenda eveniet ipsa error accusamus. Porro illum et eum et quo.','1994-06-12 20:28:57'),(14,196,295,'Nulla quia consequuntur officia ipsa sed. Ipsum beatae rem voluptatum et ab. Rerum explicabo delectus dignissimos.','1999-11-02 11:10:05'),(15,197,297,'Et omnis magnam optio ipsa. Illum repellat adipisci fuga saepe. Aspernatur optio consequatur dicta vel.','1984-07-04 19:24:33'),(16,198,321,'Voluptas sit aut incidunt assumenda ut. Cumque aut quod et eos numquam.','1987-10-09 09:30:19'),(17,199,309,'Animi repellat non officiis ratione est ex beatae. Quia minima est amet et possimus ipsa et. Odit ipsa veritatis rerum quidem.','1999-05-26 11:48:16'),(18,204,295,'Iure quasi sint alias quia nihil culpa non. Qui assumenda qui maiores enim. Omnis sit omnis quidem omnis fugiat. Sit occaecati similique consequatur autem nisi.','1985-04-19 02:49:14'),(19,208,196,'Nihil in sint occaecati iusto quas. Sint ut quibusdam corporis sit illum. Cumque officiis est explicabo nihil debitis. Libero occaecati quod error et dicta neque ea eos.','1980-06-06 22:26:56'),(20,211,289,'Cum perferendis quis voluptatibus quo voluptatum facilis temporibus voluptatibus. Non velit tempore doloribus in. Molestiae explicabo ut vitae repudiandae enim et occaecati.','1998-05-22 03:59:42'),(21,212,260,'Iste ea fuga odio et nostrum. Quia occaecati est eos perferendis in a doloremque. Aut non assumenda qui doloremque praesentium eum.','1983-10-06 02:33:32'),(22,215,230,'Delectus et quo doloremque tenetur rerum quo. Harum quidem libero qui ut exercitationem sit. In vel voluptate id quis amet modi adipisci.','1999-02-14 20:49:11'),(23,216,247,'Occaecati aut vel ipsa similique rerum nihil architecto. Aperiam porro laudantium earum beatae velit et quia. Ex recusandae perspiciatis maxime eaque qui est. Omnis nesciunt ratione cupiditate possimus incidunt magnam sequi.','2004-04-20 00:07:27'),(24,219,176,'Sit saepe ex soluta rem et. Inventore vitae suscipit ex quae maiores. Aut praesentium similique laborum perspiciatis totam consequatur debitis. Alias aut animi cum commodi voluptates sit veniam.','1997-10-13 09:43:13'),(25,221,237,'Corporis soluta excepturi fugiat veritatis eius sed tempora. Ipsam consequatur cupiditate quia qui dolore eaque aperiam alias. Sint voluptas illum consequatur magnam recusandae.','2011-12-05 16:57:51'),(26,222,279,'Maxime dicta possimus praesentium aliquid. Dolorem est non cum sint velit minus. Quas numquam ipsum esse dolorem eum quisquam.','2017-12-08 04:51:39'),(27,224,258,'Illum animi et consequatur nemo dolores suscipit consequatur. Ipsa ea alias dignissimos provident dolor. Eius recusandae laborum sunt sit. Sunt dolores repudiandae accusamus perspiciatis.','2001-08-03 05:08:30'),(28,225,279,'Ad id totam sapiente dolorem. Eveniet velit voluptatem est animi cupiditate sit. Quisquam exercitationem quis sunt sed beatae.','2002-06-27 22:17:57'),(29,226,311,'Illo quia officia nisi et. Consequuntur aut sint id eos at sint molestiae. Nostrum facere et ipsa asperiores accusamus consequuntur sed.','2006-03-29 21:26:43'),(30,228,174,'Et eos veniam amet nihil dolorem praesentium quo. Quisquam commodi porro laborum ullam voluptatem vel ad. Veritatis et harum iste harum dolor sed. Animi facere occaecati nisi laudantium error laudantium.','1995-05-27 21:44:51'),(31,230,260,'Magnam non dolorem quo cumque veniam sunt. Voluptate enim amet non debitis quia quasi sint. Iste est sunt iusto eos perspiciatis non asperiores placeat. Non debitis quis dolorum vel consequatur.','1990-12-21 13:30:15'),(32,231,224,'Neque harum illo consequatur repellendus reprehenderit. Libero porro libero neque et consequatur iste.','2013-01-19 17:27:30'),(33,232,235,'Non deleniti ipsum et. Itaque consequatur quod occaecati voluptatem. Voluptatibus assumenda consectetur id omnis repudiandae. Quos quo quos eligendi ut.','2013-09-01 16:50:30'),(34,235,267,'Ea rerum ut fugit voluptatem recusandae eum. Molestiae beatae modi aut excepturi dolorem non similique. Magni qui odio exercitationem cumque voluptatem ad qui.','1975-06-01 06:21:56'),(35,237,190,'Id ea qui vitae et vero. Omnis natus animi doloremque odio. Ut unde ut ut alias consectetur.','2001-03-26 14:12:54'),(36,238,184,'Officia exercitationem autem tempore omnis. Dolores reiciendis provident sit maxime amet enim occaecati. Explicabo quos qui qui quaerat est delectus. Veniam eos accusantium quaerat voluptas.','1970-06-21 15:32:52'),(37,240,237,'Quia itaque in placeat maxime aliquid recusandae perferendis distinctio. In est exercitationem a consequatur quia et officia. Sint enim possimus aut ad quas.','2003-02-05 21:17:09'),(38,241,335,'Suscipit est architecto ut cupiditate. Dolores aut consequatur consequatur. Omnis ea ab autem qui. Nostrum dolor totam omnis sit omnis.','1989-08-06 05:01:42'),(39,247,322,'Quidem sunt id tempora nam impedit velit. Quia explicabo aperiam voluptatibus est. Atque mollitia adipisci modi iste consequatur expedita sit minus.','2002-05-20 12:22:16'),(40,250,322,'Tenetur vel dolor dignissimos ut. Quia culpa enim sit eum possimus.','2004-06-23 06:09:45'),(41,252,186,'Explicabo et ducimus dolores omnis. Dolores accusamus est itaque. Non earum eius asperiores at aspernatur. Vitae sit ratione ut laboriosam. Tempora animi natus placeat minus.','1977-07-02 22:48:54'),(42,253,327,'Adipisci repudiandae saepe et vitae. Quis harum quo animi qui. Qui cupiditate veritatis qui ipsum consequuntur adipisci. Ad fugit qui esse consequatur in.','1998-09-09 11:05:06'),(43,257,216,'Rerum maxime esse autem et rem aut. Consectetur doloremque sit voluptatum et. Perspiciatis ut numquam aut.','1991-08-22 23:18:29'),(44,258,299,'Commodi suscipit dicta in at quis aut. Dolor nihil non voluptate exercitationem voluptatibus adipisci ut non. Aut corrupti rerum est porro labore. In doloribus et magni eum facere aut. Eos dignissimos animi tempore et expedita esse et.','1987-01-13 00:18:57'),(45,260,314,'Hic magni reprehenderit sequi. Fuga ratione voluptates amet esse. Maiores enim velit rerum iusto. Mollitia et qui quam maiores hic natus laborum aspernatur.','1999-12-07 07:26:53'),(46,264,215,'Autem minus magnam qui voluptatibus. Vel veniam dolorem et vel. Consequatur ex facere facilis deserunt excepturi nulla vero quo.','1978-06-12 09:52:33'),(47,265,174,'Quae veritatis recusandae eveniet nihil provident aut rerum. Qui in aliquam facere qui. Distinctio dolor ut ut nihil voluptates quis illum. Officiis voluptas quia excepturi omnis.','1988-05-04 02:59:41'),(48,266,268,'Eligendi quibusdam et ipsa fuga. Iste nesciunt ipsum iure soluta iste. Sit fugiat quis excepturi. Vero ea architecto impedit non eligendi eligendi.','1988-02-07 18:56:38'),(49,267,305,'Et assumenda et quia. Quis ut et distinctio. Ut eaque voluptas nobis eum.','1995-11-23 20:17:42'),(50,268,196,'Iure eum deserunt magnam eos. Eaque quia nesciunt corrupti quae.','1992-01-01 10:50:22'),(51,269,268,'Totam inventore corrupti eos ea debitis. Rerum a saepe magni odit odit. Similique quibusdam eaque et deleniti excepturi sed saepe.','2011-09-26 04:26:44'),(52,271,321,'Quas totam ut consequatur ut aperiam est illum. Qui et aut est labore tempore. Doloribus non et ea odio consequatur dolor.','2001-10-30 15:29:07'),(53,272,186,'Reprehenderit quae commodi dolore beatae aspernatur et deserunt. Et quam soluta odio voluptatem sed laborum. Quod eos saepe atque temporibus. Nihil cumque aut eius consectetur.','1974-07-09 13:55:30'),(54,273,181,'Voluptatum ratione quisquam accusamus. Eos officiis quo non alias voluptatem reprehenderit. Tempora consequatur temporibus quaerat repudiandae excepturi velit eos. Et qui dicta minima incidunt maiores.','2017-10-12 06:18:03'),(55,274,305,'Officiis alias quo atque aliquam nihil. Accusantium impedit et molestias ducimus fugiat quo hic. Neque harum autem expedita adipisci tenetur dolorem consectetur.','1991-08-07 12:35:52'),(56,276,267,'Sit dolorum incidunt ratione molestiae. Incidunt optio ipsa nam non. Et accusamus quos natus esse et consequatur. Dolorem dolore repudiandae optio cupiditate.','2002-08-07 12:33:05'),(57,278,238,'Aut incidunt at aliquam tenetur quia architecto. Autem aspernatur quibusdam reiciendis est esse velit saepe. Corporis eos dolores porro quis occaecati.','1988-08-01 22:45:58'),(58,279,265,'Quidem ut beatae quod voluptas molestias ut aliquid laboriosam. Voluptas facere iste hic quis sapiente veritatis deleniti aut. Enim mollitia facere veniam dignissimos delectus magnam quo. Rerum fuga magni molestiae ullam repellendus.','1997-07-02 10:09:16'),(59,281,204,'Et vel dignissimos ut. Facilis ad voluptatem aliquam quaerat quo nihil. Nisi recusandae saepe vel quidem autem doloremque dolor. Explicabo perferendis enim voluptatem libero.','2012-09-03 08:46:39'),(60,282,330,'Ipsam molestiae deleniti expedita temporibus ut omnis ut. Praesentium adipisci rerum maiores quam. Aut ducimus ullam quae delectus delectus ipsam. Et ut laboriosam vel et ut minus. Quam quos accusantium quo quam eos esse minus.','2018-02-12 02:59:11'),(61,284,338,'Non ullam et facere molestias dignissimos quisquam. Aperiam delectus ut iste modi dolores voluptas non. Repellendus dolorem sit cum aliquam veniam doloremque odio ipsam.','1988-10-12 01:28:35'),(62,285,173,'Nihil et distinctio ab. Consequatur sed dolores sit aut in a qui nam. Minima omnis quisquam rerum optio eos id quisquam. Consequatur ea sed dolores qui quod sed ea.','2020-09-10 20:02:01'),(63,287,298,'Quos libero iste consequatur quia. Aut est ut voluptatem. Est veniam deserunt voluptatem vel. Sequi necessitatibus aspernatur assumenda fugiat optio animi. Qui et sit adipisci temporibus deleniti nesciunt autem.','1979-08-02 00:06:31'),(64,289,306,'Explicabo ipsum culpa earum molestiae. Excepturi et perferendis quia vitae consequatur amet. Explicabo sed odio fugit tempora placeat. Ut autem veniam ex itaque ipsa impedit. Cum voluptas aut ut dolores omnis nisi mollitia.','1985-06-18 04:23:54'),(65,290,224,'Autem perferendis natus optio porro dolorem. Vero velit dolorem facere voluptatem. Cum non aperiam aliquid commodi aut illum. Iure ipsum laudantium placeat perferendis provident ad dolorem.','1984-02-11 05:12:36'),(66,291,222,'Fugit eveniet sed odit beatae repellat natus ea. Provident nemo quidem minima quis. Commodi nihil culpa est adipisci quo.','2020-06-04 05:00:45'),(67,292,172,'Est saepe fugiat quibusdam inventore molestiae neque. Dolorum sit quibusdam consectetur aut harum ea. Reprehenderit aut ab enim animi. Doloribus veritatis dolor quibusdam nisi beatae.','2008-04-04 23:27:36'),(68,293,321,'Ut dolores in possimus numquam. Soluta debitis possimus facere. Ducimus omnis saepe numquam neque quia. Inventore corporis dolor error assumenda commodi. Rerum perspiciatis animi dolores dolores in quos voluptatem.','2020-12-31 16:28:37'),(69,295,198,'Officia quibusdam dolorem eligendi hic. Eius nobis deserunt cumque aliquam magni aperiam. Quaerat nisi tempora maxime doloremque similique odit.','1973-04-16 07:52:17'),(70,296,197,'Minima ipsa fugit aspernatur est sunt. Est veniam sint cupiditate nihil numquam. Quia fugit dolores quia beatae. Commodi illum optio maxime voluptas omnis tempora aut.','1978-10-20 15:46:20'),(71,297,196,'Ut aut sunt at. Perspiciatis voluptatum dolores quasi ipsum. Asperiores mollitia sunt qui omnis dolorem sint et. Laborum ea alias qui est modi sit.','2015-03-09 02:25:18'),(72,298,231,'Laudantium dolores nostrum ea quibusdam nesciunt qui aperiam. Ratione delectus quo rem. Minus magnam tenetur quam aliquid ipsam provident magni iste.','2012-05-30 12:55:38'),(73,299,281,'Consectetur corrupti voluptatem sit beatae vitae pariatur et. Sed dolor mollitia illum totam voluptatem rerum dolores. Vel quae illo quas.','2006-01-18 19:32:16'),(74,301,295,'Ea excepturi ratione asperiores quos repellendus omnis quidem. Veniam eos minus reiciendis nihil laudantium eius totam. Tempora dolor modi nihil.','1992-05-17 20:58:03'),(75,304,190,'Libero fuga adipisci sit placeat. Quia aliquam fugiat ab id. Rem voluptas ut magni aut molestias et dolore.','1972-08-22 00:42:59'),(76,305,291,'Porro necessitatibus et quibusdam odit vitae minus consequatur. Ad consequuntur magni eaque velit. Impedit unde tempora quisquam et omnis et. Corrupti dolores culpa molestias ea ut non.','1994-06-24 18:27:33'),(77,306,334,'Ducimus debitis quaerat numquam nemo. Ex maiores qui officia aut. Atque quis sunt officiis ut eligendi consequatur voluptas in. Corporis labore ut unde consectetur culpa.','1993-05-03 20:56:23'),(78,308,278,'Unde officia voluptatem enim rerum. Quia perspiciatis non expedita quis et ducimus saepe ut. Eum rerum possimus fuga dolor repellat odit. Voluptate deserunt libero voluptas reiciendis. Eligendi ad in tempore et sed fugiat.','1998-10-26 16:11:31'),(79,309,264,'Magni officia autem dolor id ipsa voluptas et aut. Maiores sint corrupti ad exercitationem laboriosam at perferendis. Rem ea rerum et quia. Quasi officia sequi consequatur nihil rerum.','1991-03-05 03:13:20'),(80,311,240,'Quibusdam quas provident et aspernatur nam voluptas tenetur. Eos sequi recusandae quos esse officia dolorem ab. Rerum deserunt molestias dolorum facilis fugit.','1994-01-26 09:58:13'),(81,312,284,'Veritatis pariatur error rerum est eum. Ipsam esse laudantium ab impedit perspiciatis accusamus nemo. Dignissimos aspernatur dignissimos pariatur ut soluta. Et sit reiciendis nostrum incidunt ab ipsam.','1992-12-23 09:59:42'),(82,313,342,'Facilis totam laborum odit officiis aliquid quaerat. Labore suscipit dignissimos odit voluptate sunt dolores explicabo. Minus molestias nesciunt harum deleniti. Quia officia sit non ad.','2012-02-19 05:14:49'),(83,314,342,'Est sunt quae voluptatem facere et ad architecto. Et quae ipsum consequatur iure nam facilis a. Nemo ullam labore id quod tempora quia qui. Ut magni eius ut ut eius quis id.','1984-10-09 04:25:55'),(84,316,326,'Sit omnis non in voluptatem. Possimus cupiditate saepe perspiciatis et voluptatem.','2005-09-26 06:00:09'),(85,317,264,'Id consequatur est autem et enim. Voluptatibus et sapiente saepe non accusamus qui. Sed et et expedita praesentium aspernatur necessitatibus. Autem repellat praesentium in blanditiis aut repellat.','1977-07-07 02:43:54'),(86,318,305,'Aut dolores et autem atque quod quia ut. Impedit earum voluptas beatae vel. Eius dolor fuga aut sit nesciunt perspiciatis est minus. Reprehenderit ut amet tempora fuga ipsum tempore veniam corrupti. Rem voluptatem quia nam consequatur in.','1971-01-19 15:25:44'),(87,319,260,'Harum expedita dolores qui deserunt deleniti nihil. Nihil ratione unde repudiandae qui omnis quidem sit. Aut eos aut cum quo beatae ex.','2014-07-05 05:15:18'),(88,321,177,'Totam laudantium quis aut qui a. Dolorem quis sed enim. Culpa deleniti veniam non minus.','2016-08-17 08:35:25'),(89,322,298,'Quaerat ducimus necessitatibus qui eum quia. Aperiam qui modi consequatur sed sequi non labore. Animi aut dicta quia deserunt quibusdam quidem. Quod nobis est fuga.','1985-05-25 21:45:56'),(90,323,276,'Magni qui laboriosam est rerum unde. Qui perspiciatis corrupti quas et quasi nihil voluptate adipisci. Ipsa error voluptatum velit modi distinctio quia. Officia ex est harum reiciendis facilis optio.','1971-01-08 23:46:37'),(91,326,193,'Amet aut itaque ab est eos. Nam aperiam assumenda est dolore. Nemo quia perspiciatis itaque.','2014-09-21 01:45:22'),(92,327,309,'Autem dolor dolores dolorem aliquid recusandae sed. Cum animi delectus sed id dolorum nihil minima. Voluptas eum libero eum est quo. Beatae nam quia ut rem laboriosam.','1989-07-10 01:56:21'),(93,329,322,'Dolores quaerat quis optio. Error excepturi qui itaque assumenda illo placeat. Quo ipsam dignissimos a rerum quam quia omnis. Enim nesciunt at omnis quo reiciendis illo.','1992-02-05 11:06:14'),(94,330,212,'Sunt laudantium blanditiis soluta tempora. Id qui laboriosam et laudantium quidem. Omnis nesciunt delectus doloribus autem est quia sequi dolor.','2000-04-27 12:11:46'),(95,332,190,'Commodi in aut error voluptates. Sapiente ea quis voluptatibus optio. Error dolorem vel eum officia. Nobis dolor recusandae eius. Iure delectus officiis corrupti recusandae.','1981-02-13 07:31:01'),(96,333,272,'Repudiandae ex delectus molestias recusandae aut eveniet. Vel beatae explicabo asperiores nemo consequatur expedita deleniti similique.','1985-09-28 22:24:43'),(97,334,186,'Quibusdam aut sequi fugit rerum voluptas reprehenderit. Veniam magni nostrum maiores rerum est. Quia illo repellendus eaque accusamus ut ducimus. Autem quas in sed.','1984-08-18 05:55:39'),(98,335,305,'Voluptas magnam animi sed. Soluta facilis qui soluta qui vitae dolor. Eum aliquid ut nostrum qui laboriosam necessitatibus autem. Voluptatem explicabo magnam optio aut.','2018-07-21 08:54:35'),(99,338,219,'Occaecati maiores eveniet sapiente minus sit quia et laudantium. Nulla et quasi nesciunt maiores minus veritatis. A et pariatur id perferendis ea nemo eius.','1988-10-23 01:48:08'),(100,342,241,'Nostrum qui voluptas ut eveniet consequatur voluptates. Nulla provident odio delectus sapiente. Dolores rerum accusantium et accusamus quaerat aut.','2001-02-07 03:21:45');
/*!40000 ALTER TABLE `messages` ENABLE KEYS */;
UNLOCK TABLES;

--
-- Table structure for table `photo_albums`
--

DROP TABLE IF EXISTS `photo_albums`;
/*!40101 SET @saved_cs_client     = @@character_set_client */;
/*!50503 SET character_set_client = utf8mb4 */;
CREATE TABLE `photo_albums` (
  `id` bigint unsigned NOT NULL AUTO_INCREMENT,
  `name` varchar(255) CHARACTER SET utf8mb4 COLLATE utf8mb4_unicode_ci DEFAULT NULL,
  `user_id` bigint unsigned DEFAULT NULL,
  PRIMARY KEY (`id`),
  UNIQUE KEY `id` (`id`),
  KEY `user_id` (`user_id`),
  CONSTRAINT `photo_albums_ibfk_1` FOREIGN KEY (`user_id`) REFERENCES `users` (`id`)
) ENGINE=InnoDB AUTO_INCREMENT=101 DEFAULT CHARSET=utf8mb4 COLLATE=utf8mb4_unicode_ci;
/*!40101 SET character_set_client = @saved_cs_client */;

--
-- Dumping data for table `photo_albums`
--

LOCK TABLES `photo_albums` WRITE;
/*!40000 ALTER TABLE `photo_albums` DISABLE KEYS */;
INSERT INTO `photo_albums` VALUES (1,'quod',172),(2,'voluptate',173),(3,'iste',174),(4,'beatae',176),(5,'eveniet',177),(6,'sapiente',180),(7,'eius',181),(8,'cumque',184),(9,'delectus',186),(10,'repellendus',190),(11,'officia',192),(12,'est',193),(13,'neque',194),(14,'cum',196),(15,'hic',197),(16,'voluptatibus',198),(17,'quo',199),(18,'illo',204),(19,'dolor',208),(20,'aspernatur',211),(21,'ut',212),(22,'quod',215),(23,'impedit',216),(24,'ipsum',219),(25,'debitis',221),(26,'ducimus',222),(27,'libero',224),(28,'totam',225),(29,'ut',226),(30,'ut',228),(31,'officia',230),(32,'sit',231),(33,'enim',232),(34,'et',235),(35,'eius',237),(36,'optio',238),(37,'nemo',240),(38,'veritatis',241),(39,'pariatur',247),(40,'eum',250),(41,'sed',252),(42,'earum',253),(43,'reprehenderit',257),(44,'laborum',258),(45,'et',260),(46,'nesciunt',264),(47,'ipsum',265),(48,'voluptatem',266),(49,'tempora',267),(50,'aut',268),(51,'cupiditate',269),(52,'non',271),(53,'qui',272),(54,'fuga',273),(55,'voluptatem',274),(56,'illo',276),(57,'qui',278),(58,'rerum',279),(59,'et',281),(60,'consequatur',282),(61,'quos',284),(62,'dolor',285),(63,'porro',287),(64,'aliquam',289),(65,'exercitationem',290),(66,'laudantium',291),(67,'tempore',292),(68,'et',293),(69,'cumque',295),(70,'aut',296),(71,'ducimus',297),(72,'officia',298),(73,'labore',299),(74,'ipsam',301),(75,'dignissimos',304),(76,'labore',305),(77,'ut',306),(78,'ut',308),(79,'qui',309),(80,'optio',311),(81,'voluptas',312),(82,'repellat',313),(83,'corporis',314),(84,'quibusdam',316),(85,'itaque',317),(86,'nam',318),(87,'omnis',319),(88,'ipsa',321),(89,'eveniet',322),(90,'nemo',323),(91,'et',326),(92,'non',327),(93,'velit',329),(94,'est',330),(95,'quisquam',332),(96,'corrupti',333),(97,'sit',334),(98,'in',335),(99,'ut',338),(100,'autem',342);
/*!40000 ALTER TABLE `photo_albums` ENABLE KEYS */;
UNLOCK TABLES;

--
-- Table structure for table `photos`
--

DROP TABLE IF EXISTS `photos`;
/*!40101 SET @saved_cs_client     = @@character_set_client */;
/*!50503 SET character_set_client = utf8mb4 */;
CREATE TABLE `photos` (
  `id` bigint unsigned NOT NULL AUTO_INCREMENT,
  `album_id` bigint unsigned DEFAULT NULL,
  `media_id` bigint unsigned NOT NULL,
  UNIQUE KEY `id` (`id`),
  KEY `album_id` (`album_id`),
  KEY `media_id` (`media_id`),
  CONSTRAINT `photos_ibfk_1` FOREIGN KEY (`album_id`) REFERENCES `photo_albums` (`id`),
  CONSTRAINT `photos_ibfk_2` FOREIGN KEY (`media_id`) REFERENCES `media` (`id`)
) ENGINE=InnoDB AUTO_INCREMENT=101 DEFAULT CHARSET=utf8mb4 COLLATE=utf8mb4_unicode_ci;
/*!40101 SET character_set_client = @saved_cs_client */;

--
-- Dumping data for table `photos`
--

LOCK TABLES `photos` WRITE;
/*!40000 ALTER TABLE `photos` DISABLE KEYS */;
INSERT INTO `photos` VALUES (1,1,1),(2,2,2),(3,3,3),(4,4,4),(5,5,5),(6,6,6),(7,7,7),(8,8,8),(9,9,9),(10,10,10),(11,11,11),(12,12,12),(13,13,13),(14,14,14),(15,15,15),(16,16,16),(17,17,17),(18,18,18),(19,19,19),(20,20,20),(21,21,21),(22,22,22),(23,23,23),(24,24,24),(25,25,25),(26,26,26),(27,27,27),(28,28,28),(29,29,29),(30,30,30),(31,31,31),(32,32,32),(33,33,33),(34,34,34),(35,35,35),(36,36,36),(37,37,37),(38,38,38),(39,39,39),(40,40,40),(41,41,41),(42,42,42),(43,43,43),(44,44,44),(45,45,45),(46,46,46),(47,47,47),(48,48,48),(49,49,49),(50,50,50),(51,51,51),(52,52,52),(53,53,53),(54,54,54),(55,55,55),(56,56,56),(57,57,57),(58,58,58),(59,59,59),(60,60,60),(61,61,61),(62,62,62),(63,63,63),(64,64,64),(65,65,65),(66,66,66),(67,67,67),(68,68,68),(69,69,69),(70,70,70),(71,71,71),(72,72,72),(73,73,73),(74,74,74),(75,75,75),(76,76,76),(77,77,77),(78,78,78),(79,79,79),(80,80,80),(81,81,81),(82,82,82),(83,83,83),(84,84,84),(85,85,85),(86,86,86),(87,87,87),(88,88,88),(89,89,89),(90,90,90),(91,91,91),(92,92,92),(93,93,93),(94,94,94),(95,95,95),(96,96,96),(97,97,97),(98,98,98),(99,99,99),(100,100,100);
/*!40000 ALTER TABLE `photos` ENABLE KEYS */;
UNLOCK TABLES;

--
-- Table structure for table `post`
--

DROP TABLE IF EXISTS `post`;
/*!40101 SET @saved_cs_client     = @@character_set_client */;
/*!50503 SET character_set_client = utf8mb4 */;
CREATE TABLE `post` (
  `id` bigint unsigned NOT NULL AUTO_INCREMENT,
  `user_id` bigint unsigned NOT NULL,
  `body` text CHARACTER SET utf8mb4 COLLATE utf8mb4_unicode_ci,
  `created_at` datetime DEFAULT CURRENT_TIMESTAMP,
  UNIQUE KEY `id` (`id`)
) ENGINE=InnoDB AUTO_INCREMENT=101 DEFAULT CHARSET=utf8mb4 COLLATE=utf8mb4_unicode_ci;
/*!40101 SET character_set_client = @saved_cs_client */;

--
-- Dumping data for table `post`
--

LOCK TABLES `post` WRITE;
/*!40000 ALTER TABLE `post` DISABLE KEYS */;
INSERT INTO `post` VALUES (1,172,'Et libero error et sapiente officiis et. Delectus dolor non et. Ut fugiat ullam accusamus architecto.','2004-04-02 18:42:25'),(2,173,'Nobis dolore ipsum cupiditate rerum qui minima magnam. Eaque a debitis similique blanditiis aut incidunt nisi. Mollitia est atque rerum asperiores saepe accusamus. Aliquid quasi cupiditate earum et amet.','1995-09-25 10:52:18'),(3,174,'Temporibus possimus impedit occaecati recusandae rem numquam aut. Asperiores ducimus alias iste. Qui est quo eligendi. Architecto molestiae et nihil voluptas.','1976-07-05 13:21:18'),(4,176,'Reprehenderit voluptate impedit ipsum. Voluptatibus ut et nihil id quidem asperiores.','1971-05-28 06:52:24'),(5,177,'Repudiandae sed fugiat voluptatum recusandae dignissimos quia quis. Non excepturi placeat aut illo animi nihil sequi. Enim sit maxime qui eos ipsa. Rem aut consequuntur veritatis recusandae est.','1975-05-12 09:58:46'),(6,180,'Dolores et et veritatis repudiandae occaecati velit. Fugiat nisi autem qui amet nemo explicabo sit. Neque et corrupti perferendis velit modi itaque accusantium facere. Earum repudiandae omnis debitis magni debitis.','1980-12-08 02:01:51'),(7,181,'Ut ratione accusantium atque temporibus maiores placeat eius eos. Id sed dolore illo ab qui. Temporibus earum et consequuntur est totam dolorem occaecati odio. Nostrum libero minus eum non repudiandae placeat.','1978-01-12 10:43:52'),(8,184,'Itaque cupiditate tempore doloribus nobis omnis. Cupiditate rerum laborum quos enim provident enim perferendis voluptatem. Neque aliquid voluptas cum quae qui similique. Vel consequuntur possimus enim et optio a quia.','2010-01-28 06:41:10'),(9,186,'Nobis tempore ad aut omnis eum consectetur nesciunt. Facilis voluptatem possimus ex magnam aut distinctio temporibus. Molestias asperiores aperiam sapiente. Impedit dolorem blanditiis reprehenderit voluptatum id voluptatum.','1987-02-21 13:35:45'),(10,190,'Est molestiae sequi error repellat voluptatem. Eos quia est dolorum quam. Ut dignissimos et minima delectus eligendi.','2003-05-15 07:04:48'),(11,192,'Expedita et eveniet aperiam est impedit iusto. Qui minus iure qui sed aut. Velit dolore velit neque est. Dolorum molestiae voluptatibus aspernatur quisquam neque non. Inventore est ut ipsa qui.','1981-12-18 20:30:54'),(12,193,'Quia natus quis laboriosam repellat qui et enim. Quos nihil alias cum similique voluptas placeat totam perspiciatis. Pariatur similique quam a officiis molestiae odio. Et tenetur reiciendis minus nihil eaque. Quis ducimus dolores molestiae placeat ut sit tenetur.','2010-05-09 13:02:52'),(13,194,'Alias dolorem corrupti mollitia et voluptatem exercitationem commodi. Omnis sequi odit ratione. Officiis corporis porro ipsum doloribus.','1992-04-24 19:26:46'),(14,196,'Est omnis ut qui est fuga. Voluptate fugiat dolores corporis magnam et dolores molestiae enim. Id dolor qui neque et porro est tempore dolorem.','1980-05-31 00:23:31'),(15,197,'Excepturi sed id dignissimos quasi. Explicabo tenetur qui ut maiores. Error voluptatem vitae neque itaque iusto deserunt temporibus.','2001-03-19 15:11:17'),(16,198,'Sequi dolore ab quia est consequatur sit maiores. Nihil quasi nostrum impedit. Provident optio commodi quo nisi doloremque molestiae. Perspiciatis laborum adipisci reprehenderit ipsam.','1981-12-05 09:35:18'),(17,199,'Doloremque occaecati enim unde quia dolorem. Nobis eaque veniam deleniti. Itaque possimus earum et.','2006-04-21 17:00:51'),(18,204,'Soluta blanditiis aliquam et qui nesciunt et. Cumque eum ad assumenda in.','1991-04-11 16:49:55'),(19,208,'Omnis perferendis voluptatum consequatur quis architecto ipsa. Maxime rerum ad expedita accusantium provident corrupti. Aperiam odio vero odit earum officiis dolorem.','1996-12-03 21:10:15'),(20,211,'Ut voluptatibus totam aut quo error quidem. Vel provident tenetur quis minima. Molestiae nam temporibus tenetur rerum. Quae excepturi ducimus adipisci nesciunt ab est.','1972-05-09 09:33:58'),(21,212,'Tenetur voluptas numquam molestias ipsum. Corporis consequatur voluptatem asperiores quis. Pariatur maxime corporis reprehenderit voluptatem corporis. Corrupti est rerum aut ut itaque.','1977-04-03 08:03:12'),(22,215,'Debitis officia soluta accusantium et. Cum magni sit nisi iure. Libero ea repellat iusto eligendi aperiam consequatur. Alias eum assumenda animi reprehenderit ut optio.','1996-03-31 01:42:00'),(23,216,'Repellendus accusamus sit veritatis sed. Nobis tenetur voluptatem harum non molestiae neque quo. Ducimus perferendis omnis delectus necessitatibus neque est.','1990-12-27 13:12:22'),(24,219,'Est minima consequatur alias totam at est. Dolorem eaque neque dolorum sit aliquam deserunt. Voluptate fugiat non placeat deserunt laudantium. Aliquam dignissimos vel magni neque velit corporis adipisci.','1983-04-17 11:32:40'),(25,221,'Eaque aperiam optio nulla laudantium eos omnis. Minima omnis consequuntur sit rem optio provident. Praesentium quo voluptas est officia exercitationem officiis.','2016-11-20 01:53:55'),(26,222,'Modi vitae delectus voluptatem maiores. Nesciunt fugiat eum et impedit dignissimos doloribus repudiandae saepe. Itaque voluptate laboriosam accusamus inventore. Beatae consequatur qui autem est soluta quidem. A omnis in necessitatibus adipisci fugiat.','2011-05-01 09:17:06'),(27,224,'Inventore distinctio consequatur et veniam est dolorem. Ea at qui possimus non sed. Et qui eum amet. Nulla mollitia qui sed doloribus veritatis dolores ea.','2000-06-07 21:14:36'),(28,225,'Aut et impedit voluptatem occaecati aspernatur et magnam. Et iste autem labore aut provident. Voluptas corrupti dolor quos minima repudiandae.','2007-05-20 07:38:48'),(29,226,'Accusamus voluptate ut aut quia exercitationem. Pariatur beatae aliquid et ut natus nemo. Provident modi autem aut et repudiandae blanditiis. Commodi vero culpa quis cumque.','2017-05-21 06:16:47'),(30,228,'Dicta ut vel veritatis et. Veritatis quos ut sed omnis ea. Adipisci modi sed iure necessitatibus doloribus. Minus mollitia ratione mollitia consequuntur aspernatur quia.','2001-04-26 22:45:30'),(31,230,'Eaque incidunt unde velit impedit aut esse odit. Sint ullam vero sapiente dolores nisi. Eligendi quisquam cupiditate error harum dolor. Voluptates recusandae dolorum voluptatem omnis quia corrupti explicabo.','1997-05-12 13:12:40'),(32,231,'Voluptates quisquam ut sed est ea voluptatum. Magnam harum necessitatibus qui dignissimos id. Debitis nam esse doloribus aliquid possimus quia. Quis facilis ipsa dolorem debitis in dolore.','1975-10-21 09:19:39'),(33,232,'Eius laboriosam consequatur et consequatur. Praesentium eos qui ab consequuntur debitis. Perferendis occaecati expedita et quis eum. Quidem ut sed incidunt consectetur voluptas.','1977-10-13 01:08:47'),(34,235,'Ex nostrum ipsum earum neque impedit iusto excepturi occaecati. Doloribus eum ducimus illo incidunt ex neque. Deleniti voluptatem laboriosam aut non occaecati dolor. Animi labore distinctio quisquam officiis magnam adipisci sed.','2000-02-04 21:17:13'),(35,237,'Est quo officiis quia magnam vel eum dolore. Aut nam quam id cum modi in. Vero tenetur doloremque rem similique amet officia. Quia recusandae corporis dolorem tenetur rerum sequi similique corporis.','2020-05-27 12:22:30'),(36,238,'Facere earum ducimus facere. Voluptate earum accusantium sit quia.','2018-03-12 17:04:46'),(37,240,'Esse qui minima numquam et aut repellendus. Similique quos nostrum voluptas odit totam et. Enim qui dolorem autem.','1976-07-20 16:49:54'),(38,241,'Sit unde et tenetur repudiandae placeat ut aut. Sapiente id consequatur tenetur ullam quae. Tempore ut optio odit eum est. Nihil est similique dignissimos.','2004-08-22 06:47:40'),(39,247,'Modi praesentium quidem sint occaecati. Optio non voluptatem minus nihil fuga. Sed laboriosam a fugiat nostrum sit. Porro est ut dolor magnam.','1993-02-15 02:44:41'),(40,250,'Dolor sed unde adipisci ut maxime. Fugit perferendis aliquam nemo excepturi. Delectus rerum necessitatibus eveniet voluptatibus similique in. Error et id repellendus quidem accusamus et nisi.','2002-12-07 06:29:45'),(41,252,'Voluptates delectus est adipisci praesentium est at fugiat. Rerum et dolor earum voluptas fuga eveniet. Qui ut dolorum voluptatum sequi repudiandae voluptatem modi.','2019-10-27 10:34:55'),(42,253,'Quia rem delectus aut. Voluptates et vel asperiores aperiam praesentium id dolores doloremque. Omnis ipsum dolores et dolores. Autem autem reprehenderit consequuntur ipsa vero pariatur vero.','1998-02-05 22:53:14'),(43,257,'Nihil occaecati sed fuga eum voluptate. Omnis laboriosam est nesciunt exercitationem delectus. Delectus est eos in et reiciendis necessitatibus totam.','2000-04-04 15:45:54'),(44,258,'Culpa et et delectus consequuntur repellat est ducimus. Sint temporibus sint possimus possimus et voluptas nemo. Consequatur et illum enim fugit.','2007-06-25 04:11:33'),(45,260,'Voluptate est dolor saepe repudiandae accusantium inventore est odio. Esse dolores rerum sunt voluptates tempora voluptatem explicabo. Laudantium totam quo repellat qui non enim.','1974-06-17 23:47:45'),(46,264,'Molestiae necessitatibus dolorem sit quaerat animi qui hic. Et sint porro ea ut ratione consequatur. Et dolores quibusdam earum recusandae voluptates molestias.','1990-06-02 03:59:08'),(47,265,'Ut in qui cupiditate tempore itaque culpa quam. Sint consequatur perferendis quod ut alias voluptates. At libero et ducimus est aliquid. Ut alias consequatur modi animi quisquam ipsum.','2012-04-22 04:00:26'),(48,266,'Maxime nisi ipsa perferendis accusantium dolore unde cum. Et maiores soluta necessitatibus aut cupiditate. Assumenda dicta voluptas qui voluptates reprehenderit dolor.','1983-03-26 15:34:54'),(49,267,'Perspiciatis nihil et aut sed voluptatum. In tenetur itaque enim totam sunt reprehenderit sit. Delectus voluptates necessitatibus qui assumenda aspernatur saepe pariatur.','2021-01-29 00:35:15'),(50,268,'Ea ea repudiandae quia assumenda officiis. Illo ipsam optio quia eos qui et. Hic nemo dolorem repellat repellat. Sunt incidunt libero ad aut itaque.','1993-01-23 03:50:53'),(51,269,'Rem voluptatum excepturi aut eos non. Velit neque illum aspernatur id dicta voluptatem natus. Perspiciatis aut praesentium debitis optio odit sapiente officia aut. Et qui a voluptas consequatur.','2004-03-02 01:35:00'),(52,271,'Nihil provident doloremque rerum quisquam. Consequatur voluptas non dolor aliquam.','1993-12-03 08:42:34'),(53,272,'Fugiat voluptatem tempora incidunt temporibus et. Dolor voluptas recusandae et doloremque expedita.','1993-10-08 03:40:12'),(54,273,'Et reprehenderit aliquid est incidunt voluptates ab est. Omnis eveniet odio autem dolorem ea. Quia repellendus est atque porro dicta possimus. Assumenda ipsa aliquid recusandae laudantium.','2005-02-05 13:57:53'),(55,274,'Molestias veritatis molestias aliquam aut id. Qui quibusdam est quod corrupti hic ab adipisci autem. Voluptatibus aut hic ipsum.','2006-01-30 01:39:36'),(56,276,'Sed repellat voluptates sequi consequatur incidunt odit. Magni numquam rerum velit in inventore ex maiores dolores. Iure ea ea qui animi maiores quo saepe. Sed sunt atque non.','2006-10-03 22:53:36'),(57,278,'Delectus tempore ut iusto. Et recusandae aspernatur aspernatur aspernatur. Molestiae officia eligendi dolor vitae. Officiis vero iste qui perspiciatis culpa.','2020-09-12 11:23:39'),(58,279,'Enim possimus voluptatibus iure et ipsa ut voluptatem. Non et laudantium non tempore possimus qui quae quo. Et modi minima voluptatem ut aliquid non voluptatem.','2009-08-21 16:02:25'),(59,281,'Veritatis rerum est ut dolores. Nobis assumenda facilis necessitatibus cumque. Iure rerum omnis et consequuntur aut aut. Magnam aut ea et dolorem veritatis tempore rerum adipisci.','1984-06-25 10:12:54'),(60,282,'Distinctio ipsum debitis quam id qui. Ab odio amet asperiores porro architecto nam. Eos omnis quasi fugit aut ut placeat est. Et est iste quia eum.','2005-07-14 20:53:37'),(61,284,'Nobis perferendis accusantium vel. Dolores blanditiis doloribus maiores quod cum officiis ut ut. Necessitatibus sint laboriosam ducimus autem mollitia maiores adipisci. Ullam id atque est dolore enim saepe officiis.','2004-01-07 00:48:08'),(62,285,'Delectus quidem incidunt iusto error error similique. Sed dolorem quas ipsam soluta aliquid. Labore ex aliquam aut repellat hic unde. Enim quo quia et qui eos.','2012-12-19 18:52:39'),(63,287,'Occaecati assumenda quidem ea impedit facilis temporibus. Consectetur corporis quia ut id autem tempore asperiores distinctio. Et odio sunt excepturi ad. Numquam omnis sunt rem voluptas sed molestiae.','1992-03-15 00:51:44'),(64,289,'Aut tempore quo omnis sed vel alias architecto. Voluptate veniam ab et neque sequi inventore molestias optio. Qui qui consectetur et nemo. Quasi sunt exercitationem soluta dicta fugit aut.','2018-03-10 15:11:24'),(65,290,'Modi tempore aut illo ut eius molestiae tenetur assumenda. Nobis aut error sed. Consequatur magnam eos laudantium provident eos praesentium sint magni. Quia qui et vitae aut qui et ut vitae.','2007-09-24 17:47:48'),(66,291,'Alias quis aspernatur qui blanditiis. Aut velit dolor molestias perspiciatis atque accusantium expedita rerum. Fugit nisi voluptate ea.','1993-03-01 12:20:46'),(67,292,'Consequatur sed nihil molestias vel. Perferendis fugit at amet. Vitae unde deleniti consectetur quaerat. Odit qui ex sint dolor amet ut. Enim ullam nemo et temporibus dolores quia aut laboriosam.','1982-02-23 04:57:25'),(68,293,'Vero et et voluptatem aut in in maiores. Maxime libero vel eum dolore soluta omnis. Dolores corporis qui quae occaecati possimus odio.','1980-12-13 22:21:29'),(69,295,'Ex id et quisquam et ex. Labore delectus quam saepe aut. Omnis sed alias magnam necessitatibus architecto.','2012-09-21 03:27:16'),(70,296,'Ea quae minima pariatur accusamus aliquam dolorem aut. Voluptate ex cupiditate rem commodi ipsum fuga. In dicta aperiam dolor corrupti eum soluta voluptate. Ex porro dolores iusto quae dolor.','2015-08-03 18:03:43'),(71,297,'Fuga dolorem provident quos consequatur blanditiis adipisci at officiis. Non dolore adipisci blanditiis minima optio. Ipsam omnis porro dicta veniam cumque vero veniam velit. Vero ab temporibus voluptatem et debitis voluptas temporibus.','2005-10-15 15:35:37'),(72,298,'In provident cum debitis sit repellendus mollitia rerum. Iure est aut reprehenderit. Consequatur eveniet enim voluptatem dolor voluptate. Ut modi asperiores aut dolores adipisci est officia.','1980-01-04 07:15:38'),(73,299,'Reprehenderit dolor facere ad sequi sint mollitia. Laboriosam exercitationem libero quod consequatur quisquam. Nisi neque ut nisi sed optio sit ut. Omnis et id voluptate enim et ducimus impedit.','1999-08-04 05:47:45'),(74,301,'Qui qui sint ea quae totam adipisci. Qui dolorum dolor ipsa et dolor et. Sed qui ratione praesentium ex doloribus dolores quo. Quia consequatur saepe voluptatem et. Perspiciatis delectus nihil expedita.','2016-03-26 19:32:05'),(75,304,'Sed qui velit quas odio nobis labore quibusdam. Nihil eos ratione sapiente corporis cumque sit sed harum. Explicabo cupiditate cumque voluptatem delectus id commodi vel. Est laborum quia deserunt provident ut. Et nisi quas ea voluptatem inventore sunt voluptate.','1980-12-17 10:46:30'),(76,305,'Ipsam reiciendis blanditiis provident quos deleniti voluptate. Consequatur voluptatem laudantium officiis harum animi rerum eum sed. Sint expedita asperiores ratione totam autem aliquam ut.','1984-12-21 20:21:58'),(77,306,'Quo modi explicabo amet aliquam aut iure odio perspiciatis. Et eos dolorem rem exercitationem sit. Atque est voluptatem iure totam.','1976-05-08 03:16:48'),(78,308,'Tenetur atque deleniti autem reiciendis. Quae magni doloremque modi pariatur est eaque. Porro quasi itaque doloremque.','2004-10-01 21:28:24'),(79,309,'Accusamus repellendus earum aspernatur perspiciatis possimus placeat. Et non tenetur facere iste. Aperiam labore aut est cum culpa totam. Voluptatem nulla temporibus architecto praesentium.','2000-12-11 17:59:56'),(80,311,'Voluptas sit architecto occaecati ad. Consequatur quam deserunt distinctio expedita quia. Tempora iure recusandae aut adipisci aut consequatur quibusdam. Sunt illo repellat repellendus enim.','1989-11-21 15:47:26'),(81,312,'Quis culpa ea placeat autem quaerat commodi. Doloribus est omnis occaecati voluptatem deserunt quia.','2012-05-22 20:28:07'),(82,313,'Commodi distinctio recusandae et ab dolore placeat cupiditate. Reprehenderit assumenda vel illo fugiat. Incidunt officia ratione voluptas fugiat perspiciatis laborum. Impedit iure earum omnis voluptas ut doloremque.','2007-09-01 13:43:53'),(83,314,'Rerum cum nam qui et. Cum corrupti voluptatem reprehenderit autem. Totam aut eius ducimus quis autem magnam. Repellat omnis in et blanditiis sequi tempora perferendis iusto. Soluta sint assumenda nihil ullam.','1977-01-06 18:58:41'),(84,316,'Optio nisi illo non dolorum deserunt voluptatem. Sint expedita qui ratione magnam sit eum doloribus. Harum quia distinctio magnam earum non omnis. At sit et porro reiciendis.','1978-03-03 03:46:08'),(85,317,'Culpa facere nulla necessitatibus qui laudantium rem perferendis iure. Est facere impedit aliquid soluta adipisci quod veritatis. Facilis quia sequi voluptates facere. Nihil illum blanditiis similique qui ad reiciendis aliquam officiis.','1993-12-27 13:53:41'),(86,318,'Explicabo praesentium exercitationem et saepe. Totam voluptatem nostrum tempora optio laborum voluptatem fuga. Labore dolore itaque qui dolor.','2007-11-25 00:40:36'),(87,319,'Distinctio earum et nihil expedita cupiditate quis eveniet. Quae non vel vero voluptatem dignissimos et voluptas. Consequatur quis deserunt perferendis magnam. Voluptas excepturi officia optio commodi. Omnis quas omnis maiores nesciunt nisi fuga laboriosam.','1988-03-08 07:06:57'),(88,321,'Fuga doloremque quod corporis quo atque. Eum reprehenderit doloribus nihil laborum aliquid iste. Ut dicta rerum exercitationem iure ducimus. Quae magnam ab ab perferendis et consequatur ut.','1999-09-15 01:30:45'),(89,322,'Est velit eum aut. Ad molestiae praesentium molestiae nemo. Quidem et voluptatem voluptatem cumque.','1988-09-15 15:13:29'),(90,323,'Quisquam consequatur omnis quos repudiandae voluptas. Voluptatibus ex ullam illo est aspernatur ut. Deleniti unde odit nulla aut.','1994-11-13 04:46:09'),(91,326,'A dolorem beatae quia est incidunt beatae. Vel dolore quasi id recusandae. Quo beatae aliquid consequuntur dolorem dolorum quibusdam iure.','1970-01-12 01:48:02'),(92,327,'Cum culpa velit sed dignissimos sed libero quo. Et non earum asperiores. Rerum tempora ad ducimus.','1971-01-04 05:48:51'),(93,329,'Omnis quo molestias ut. Enim minima et maiores laudantium reiciendis neque. Repellat itaque vel et. Et sunt debitis et et. Eos suscipit sunt accusamus.','1999-03-05 20:28:58'),(94,330,'Odit non debitis sint exercitationem ut placeat perferendis. Accusamus eaque sed mollitia dolor corporis iure dolores. Aut molestiae similique voluptas dignissimos eos animi cum tempora. Unde error nemo sed molestiae sit. Fugiat sit et magni provident corrupti et labore.','1970-03-27 17:49:18'),(95,332,'Dolor molestiae saepe optio voluptatem tenetur eos iusto. Qui fugiat aut fugiat atque. Et velit nobis fugiat facilis accusantium.','1979-09-25 09:54:47'),(96,333,'Aperiam et autem mollitia dicta ut ea. Quis at rem laborum sit tempore consectetur consequatur. Sunt at sit voluptatem rerum ea sit.','1984-04-27 15:04:46'),(97,334,'Minima rerum omnis voluptatibus eos porro. Eos ea id quo nulla est ipsam exercitationem voluptatem.','1992-01-22 09:43:43'),(98,335,'Magni non similique et qui ea. Quia ratione libero aut quia itaque. Temporibus exercitationem nam saepe voluptas id.','1971-04-16 16:54:45'),(99,338,'Quas et omnis qui voluptatum nisi. Rerum quos facere officia assumenda. Sint consequatur vel omnis.','2015-11-04 09:48:32'),(100,342,'Qui et impedit facilis rerum debitis. Quidem quibusdam possimus quo sunt et. Sint consequatur delectus necessitatibus architecto autem.','1986-07-01 23:02:32');
/*!40000 ALTER TABLE `post` ENABLE KEYS */;
UNLOCK TABLES;

--
-- Table structure for table `post_likes`
--

DROP TABLE IF EXISTS `post_likes`;
/*!40101 SET @saved_cs_client     = @@character_set_client */;
/*!50503 SET character_set_client = utf8mb4 */;
CREATE TABLE `post_likes` (
  `id` bigint unsigned NOT NULL AUTO_INCREMENT,
  `user_id` bigint unsigned NOT NULL,
  `post_like_id` bigint unsigned NOT NULL,
  `created_at` datetime DEFAULT CURRENT_TIMESTAMP,
  UNIQUE KEY `id` (`id`)
) ENGINE=InnoDB AUTO_INCREMENT=101 DEFAULT CHARSET=utf8mb4 COLLATE=utf8mb4_unicode_ci;
/*!40101 SET character_set_client = @saved_cs_client */;

--
-- Dumping data for table `post_likes`
--

LOCK TABLES `post_likes` WRITE;
/*!40000 ALTER TABLE `post_likes` DISABLE KEYS */;
INSERT INTO `post_likes` VALUES (1,172,1,'1999-06-25 04:40:48'),(2,173,2,'1977-07-23 21:54:26'),(3,174,3,'1970-08-13 01:39:41'),(4,176,4,'1999-05-06 03:44:19'),(5,177,5,'1979-07-29 09:58:06'),(6,180,6,'1976-01-10 20:07:30'),(7,181,7,'2004-02-13 18:40:32'),(8,184,8,'2000-12-17 05:24:46'),(9,186,9,'1998-07-15 03:50:15'),(10,190,10,'1989-05-09 02:15:35'),(11,192,11,'2017-05-12 23:30:10'),(12,193,12,'2018-11-03 01:11:52'),(13,194,13,'2019-03-17 09:53:04'),(14,196,14,'2008-05-13 05:53:26'),(15,197,15,'2013-12-22 13:48:49'),(16,198,16,'1999-09-11 13:29:20'),(17,199,17,'1990-02-19 20:36:52'),(18,204,18,'1973-02-11 15:30:05'),(19,208,19,'1980-02-29 03:33:40'),(20,211,20,'1981-10-16 17:51:56'),(21,212,21,'1977-10-09 02:06:27'),(22,215,22,'1981-08-25 16:02:07'),(23,216,23,'1998-06-10 02:54:06'),(24,219,24,'2010-10-08 15:20:01'),(25,221,25,'1993-07-06 06:57:13'),(26,222,26,'1997-03-24 22:46:28'),(27,224,27,'1987-08-30 08:05:00'),(28,225,28,'1995-01-20 17:46:47'),(29,226,29,'1987-07-21 05:58:03'),(30,228,30,'2000-07-03 13:22:53'),(31,230,31,'2005-02-24 23:07:27'),(32,231,32,'2010-11-07 04:14:35'),(33,232,33,'2018-07-25 16:00:18'),(34,235,34,'2018-06-07 06:06:52'),(35,237,35,'1995-10-20 06:28:27'),(36,238,36,'1979-07-08 10:45:43'),(37,240,37,'2012-11-12 00:04:21'),(38,241,38,'1977-06-22 08:52:28'),(39,247,39,'1978-04-26 14:20:23'),(40,250,40,'1973-05-17 04:35:15'),(41,252,41,'1999-08-02 06:50:02'),(42,253,42,'1983-08-16 14:36:04'),(43,257,43,'2000-01-01 20:49:38'),(44,258,44,'1980-01-11 01:48:40'),(45,260,45,'1970-07-12 09:19:35'),(46,264,46,'2003-10-20 06:39:36'),(47,265,47,'2014-01-14 15:47:36'),(48,266,48,'2010-03-17 22:55:07'),(49,267,49,'1979-12-21 16:44:36'),(50,268,50,'2018-05-07 10:21:46'),(51,269,51,'1971-04-22 09:57:23'),(52,271,52,'1979-11-19 08:40:53'),(53,272,53,'1978-04-29 08:02:33'),(54,273,54,'1996-03-10 13:21:44'),(55,274,55,'1977-01-05 19:27:22'),(56,276,56,'1985-12-16 14:20:57'),(57,278,57,'1970-03-07 13:50:36'),(58,279,58,'2020-02-17 01:35:06'),(59,281,59,'1977-07-16 14:43:22'),(60,282,60,'1990-08-14 02:12:35'),(61,284,61,'2003-11-11 02:02:13'),(62,285,62,'2012-11-02 01:18:46'),(63,287,63,'1988-11-11 14:37:16'),(64,289,64,'1971-01-23 18:50:23'),(65,290,65,'1987-09-07 09:42:16'),(66,291,66,'1983-06-13 19:52:48'),(67,292,67,'2006-09-07 13:28:19'),(68,293,68,'1977-11-16 06:59:23'),(69,295,69,'1997-08-31 00:26:01'),(70,296,70,'1995-03-10 15:10:00'),(71,297,71,'2012-09-07 01:34:13'),(72,298,72,'2006-05-22 20:42:13'),(73,299,73,'2003-01-16 03:55:18'),(74,301,74,'1973-01-22 10:38:43'),(75,304,75,'2005-12-26 07:57:41'),(76,305,76,'1977-08-10 22:35:25'),(77,306,77,'1986-11-23 19:58:52'),(78,308,78,'1997-01-07 00:19:00'),(79,309,79,'2013-05-21 08:20:07'),(80,311,80,'2020-10-06 04:51:02'),(81,312,81,'2017-04-17 20:51:33'),(82,313,82,'2016-01-23 16:49:20'),(83,314,83,'1986-04-26 10:33:39'),(84,316,84,'1995-01-28 05:09:06'),(85,317,85,'1995-07-19 21:16:02'),(86,318,86,'1972-10-26 23:21:14'),(87,319,87,'1987-08-24 10:10:53'),(88,321,88,'1974-01-13 16:06:01'),(89,322,89,'1999-09-20 17:22:54'),(90,323,90,'1995-08-14 11:10:39'),(91,326,91,'2011-06-16 05:55:40'),(92,327,92,'2010-02-10 07:10:57'),(93,329,93,'2018-06-03 01:37:32'),(94,330,94,'1985-06-12 08:10:46'),(95,332,95,'1995-01-23 15:36:17'),(96,333,96,'1978-05-03 17:56:35'),(97,334,97,'1992-10-07 21:04:23'),(98,335,98,'1978-12-01 03:14:53'),(99,338,99,'1987-06-01 17:19:58'),(100,342,100,'2010-12-22 00:10:54');
/*!40000 ALTER TABLE `post_likes` ENABLE KEYS */;
UNLOCK TABLES;

--
-- Table structure for table `profiles`
--

DROP TABLE IF EXISTS `profiles`;
/*!40101 SET @saved_cs_client     = @@character_set_client */;
/*!50503 SET character_set_client = utf8mb4 */;
CREATE TABLE `profiles` (
  `user_id` bigint unsigned NOT NULL,
  `gender` char(1) CHARACTER SET utf8mb4 COLLATE utf8mb4_unicode_ci DEFAULT NULL,
  `birthday` date DEFAULT NULL,
  `photo_id` bigint unsigned DEFAULT NULL,
  `created_at` datetime DEFAULT CURRENT_TIMESTAMP,
  `hometown` varchar(100) CHARACTER SET utf8mb4 COLLATE utf8mb4_unicode_ci DEFAULT NULL,
  UNIQUE KEY `user_id` (`user_id`),
  CONSTRAINT `fk_user_id` FOREIGN KEY (`user_id`) REFERENCES `users` (`id`) ON UPDATE CASCADE
) ENGINE=InnoDB DEFAULT CHARSET=utf8mb4 COLLATE=utf8mb4_unicode_ci;
/*!40101 SET character_set_client = @saved_cs_client */;

--
-- Dumping data for table `profiles`
--

LOCK TABLES `profiles` WRITE;
/*!40000 ALTER TABLE `profiles` DISABLE KEYS */;
INSERT INTO `profiles` VALUES (172,'M','1971-11-12',1,'2013-10-13 05:47:48','Framimouth'),(173,'M','1982-01-04',2,'1997-08-06 17:13:56','South Janismouth'),(174,'M','2000-02-27',3,'1993-11-28 19:35:28','West Jennie'),(176,'M','1989-03-17',4,'1991-03-13 22:17:17','Port Ernestinemouth'),(177,'F','2015-03-11',5,'2004-06-24 13:50:44','Bernardbury'),(180,'M','2000-09-28',6,'1974-12-05 03:10:50','Thomasview'),(181,'M','1972-12-20',7,'1982-05-16 10:37:47','Claudieshire'),(184,'F','2016-03-07',8,'2000-04-21 14:48:18','South Vicentebury'),(186,'M','1984-03-21',9,'2017-07-17 08:58:12','Helenefurt'),(190,'F','1996-12-01',10,'1989-06-09 12:33:46','West Eddhaven'),(192,'F','1973-11-16',11,'1982-04-24 20:36:57','East Ana'),(193,'F','1976-06-12',12,'1987-05-25 07:22:13','South Rogers'),(194,'F','1994-03-26',13,'1992-07-17 12:58:40','Port Brenda'),(196,'M','1973-05-07',14,'1984-12-10 19:41:30','East Giovanny'),(197,'M','1986-06-12',15,'2016-03-18 15:12:52','Cruickshankmouth'),(198,'M','1985-12-16',16,'2020-08-22 18:03:06','West Zackery'),(199,'M','2002-06-26',17,'2016-12-24 18:54:06','Ulisesview'),(204,'M','2001-08-25',18,'2010-12-19 05:59:07','Binston'),(208,'F','1974-07-25',19,'1970-07-15 20:16:09','Port Eastonchester'),(211,'F','1993-06-25',20,'2009-06-30 21:49:36','New Dax'),(212,'M','2001-05-10',21,'2004-09-12 10:43:52','Maggiomouth'),(215,'F','1992-12-18',22,'2002-01-18 20:13:00','Noeliamouth'),(216,'F','2015-02-15',23,'2018-06-22 15:02:00','Alexatown'),(219,'F','1980-02-20',24,'2020-03-21 03:14:00','Ferryview'),(221,'F','1985-01-25',25,'1983-09-12 01:02:38','North Cleoburgh'),(222,'F','1970-11-07',26,'1987-01-08 02:56:30','Elfriedatown'),(224,'M','2001-06-08',27,'2014-03-26 07:48:42','Kayleeshire'),(225,'F','2012-06-24',28,'1981-08-12 07:23:26','Shieldsfurt'),(226,'F','1987-04-15',29,'1988-06-30 21:19:02','Jadaport'),(228,'M','2012-09-19',30,'2018-03-03 06:09:51','Lednermouth'),(230,'F','2016-07-01',31,'2016-01-07 19:28:46','Ritchiemouth'),(231,'M','1974-09-05',32,'1989-02-02 00:33:12','East Trystanville'),(232,'M','2007-04-07',33,'1996-05-04 01:38:47','Ullrichbury'),(235,'M','1976-10-02',34,'2005-03-19 22:57:51','North Horace'),(237,'M','1982-09-19',35,'2001-03-10 23:19:42','Abbigailfort'),(238,'M','1975-06-21',36,'1971-02-11 22:10:41','South Leonor'),(240,'F','2014-09-29',37,'2013-06-01 05:31:52','Dachborough'),(241,'M','2011-06-06',38,'2019-08-14 22:27:38','New Deondre'),(247,'M','1982-04-02',39,'2015-05-01 03:06:36','West Bertaborough'),(250,'F','2002-09-21',40,'1981-06-20 20:34:04','Allisonborough'),(252,'M','2006-08-28',41,'1993-09-01 05:12:04','Stephanychester'),(253,'F','1971-08-02',42,'1986-01-02 06:13:24','Eichmannborough'),(257,'F','1972-12-27',43,'1971-10-17 13:37:18','West Adeline'),(258,'M','1981-05-28',44,'1975-09-06 05:57:52','Tessiehaven'),(260,'F','2016-04-07',45,'1985-04-24 13:02:14','Port Madilyn'),(264,'M','1995-01-23',46,'2019-02-09 14:04:11','Lake Lorenza'),(265,'F','1971-01-30',47,'1975-08-06 21:36:58','South Golden'),(266,'M','2011-02-21',48,'2002-10-04 16:07:59','Lake Pearlineton'),(267,'F','2000-08-30',49,'2015-01-08 20:43:32','Hermanside'),(268,'F','1996-02-21',50,'1982-09-05 12:38:55','West Johnathon'),(269,'M','2019-07-31',51,'1985-03-14 03:18:22','Schuppeborough'),(271,'M','1977-07-23',52,'2009-11-17 10:28:55','Smithamburgh'),(272,'F','1972-04-26',53,'2017-11-11 18:28:09','Port Paytonfurt'),(273,'F','1982-06-25',54,'1995-08-16 03:04:49','Hymanfurt'),(274,'M','1976-10-10',55,'1994-10-11 01:12:35','Judyport'),(276,'M','2017-07-26',56,'2014-07-09 18:35:08','New Wilbert'),(278,'F','2013-03-21',57,'2012-12-30 19:44:25','Jonathanborough'),(279,'M','1987-06-16',58,'1982-01-19 19:45:51','East Cindy'),(281,'F','2009-06-12',59,'1973-12-31 19:27:05','McDermottville'),(282,'F','1970-05-03',60,'2002-02-22 16:03:32','Lauryton'),(284,'M','2018-02-09',61,'1976-02-10 02:53:07','North Tateberg'),(285,'F','1976-02-19',62,'2020-03-21 10:44:07','North Skylarstad'),(287,'F','1983-11-21',63,'1973-12-16 11:10:53','Lake Marcia'),(289,'F','1995-03-21',64,'2017-11-11 13:47:33','Jodyshire'),(290,'F','1994-11-07',65,'2015-04-28 04:46:51','North Breana'),(291,'F','1984-10-05',66,'1975-12-17 14:35:07','Trevafurt'),(292,'F','2005-06-09',67,'1981-05-12 21:55:09','East Cleo'),(293,'M','1999-04-20',68,'1993-12-29 02:09:51','Monaville'),(295,'M','2016-08-08',69,'1990-05-26 18:24:39','Gonzalomouth'),(296,'M','1998-01-15',70,'1985-04-10 10:22:30','Kundefort'),(297,'F','1993-01-30',71,'1999-11-07 22:11:03','Leschview'),(298,'F','1994-02-24',72,'2002-10-05 19:23:22','Sheldonton'),(299,'F','1983-01-15',73,'2004-10-08 02:45:07','Millerport'),(301,'M','2014-01-30',74,'1993-02-07 13:31:12','North Nikkotown'),(304,'M','1990-05-26',75,'1997-07-31 21:02:25','Port Beauside'),(305,'M','2001-09-13',76,'1982-04-24 07:59:51','New Mikaylahaven'),(306,'M','2001-02-26',77,'1981-02-21 16:13:00','West Dominicshire'),(308,'F','1977-06-12',78,'2007-01-11 02:50:08','Macejkovicfurt'),(309,'F','1972-08-29',79,'1993-01-29 09:53:10','New Ken'),(311,'M','2014-07-19',80,'1986-12-10 00:56:02','North Marc'),(312,'M','1993-08-18',81,'1970-06-10 18:16:02','Emmahaven'),(313,'M','1996-03-07',82,'1989-06-26 08:06:20','Lake Charityshire'),(314,'F','2001-01-20',83,'2007-04-24 20:19:13','Macejkovicfort'),(316,'M','1988-03-09',84,'2015-07-13 20:09:44','Lake Leila'),(317,'M','1971-09-07',85,'1993-08-19 14:34:14','North Raymundoshire'),(318,'M','1994-07-21',86,'2001-07-27 03:44:35','West Maureen'),(319,'M','2008-06-08',87,'2008-08-22 19:03:25','West Asia'),(321,'M','1983-10-15',88,'1990-05-22 11:18:49','Caleighmouth'),(322,'M','1990-01-21',89,'1990-08-28 18:42:18','Lake Newton'),(323,'M','2014-03-16',90,'1981-11-06 12:23:57','Schroederfort'),(326,'M','2001-03-06',91,'2012-10-23 07:47:56','Lake Janie'),(327,'M','1989-09-23',92,'2002-04-21 13:54:48','Lake Tavares'),(329,'M','2020-08-23',93,'1970-02-04 04:51:00','Caleighfurt'),(330,'M','1970-03-19',94,'1991-06-27 14:34:09','West Waynemouth'),(332,'F','1999-03-31',95,'1972-02-24 20:37:11','West Winifred'),(333,'M','1989-06-14',96,'1994-04-13 13:52:11','Birdiestad'),(334,'F','2004-04-03',97,'2005-09-22 19:34:26','Lindgrenborough'),(335,'M','1987-07-21',98,'1999-09-25 17:09:55','West Laurinefort'),(338,'F','2010-01-24',99,'1991-01-03 19:34:18','Moentown'),(342,'M','1995-10-30',100,'1980-01-19 01:11:01','Marlinmouth');
/*!40000 ALTER TABLE `profiles` ENABLE KEYS */;
UNLOCK TABLES;

--
-- Table structure for table `user_likes`
--

DROP TABLE IF EXISTS `user_likes`;
/*!40101 SET @saved_cs_client     = @@character_set_client */;
/*!50503 SET character_set_client = utf8mb4 */;
CREATE TABLE `user_likes` (
  `id` bigint unsigned NOT NULL AUTO_INCREMENT,
  `user_id` bigint unsigned NOT NULL,
  `user_like_id` bigint unsigned NOT NULL,
  `created_at` datetime DEFAULT CURRENT_TIMESTAMP,
  UNIQUE KEY `id` (`id`)
) ENGINE=InnoDB AUTO_INCREMENT=101 DEFAULT CHARSET=utf8mb4 COLLATE=utf8mb4_unicode_ci;
/*!40101 SET character_set_client = @saved_cs_client */;

--
-- Dumping data for table `user_likes`
--

LOCK TABLES `user_likes` WRITE;
/*!40000 ALTER TABLE `user_likes` DISABLE KEYS */;
INSERT INTO `user_likes` VALUES (1,172,296,'1978-08-02 02:04:06'),(2,173,282,'2012-06-19 03:45:07'),(3,174,301,'1978-09-15 21:02:03'),(4,176,278,'2003-03-04 00:05:28'),(5,177,279,'1973-09-27 17:45:25'),(6,180,241,'1995-10-13 00:41:54'),(7,181,332,'1973-10-16 10:19:23'),(8,184,231,'2009-06-03 02:22:13'),(9,186,311,'1993-11-22 07:34:22'),(10,190,199,'2014-08-28 16:36:53'),(11,192,265,'1987-03-14 07:38:53'),(12,193,334,'1994-05-31 06:44:44'),(13,194,253,'1984-11-06 15:37:16'),(14,196,338,'2006-06-19 19:59:29'),(15,197,271,'1989-05-24 21:11:50'),(16,198,265,'1974-04-09 14:15:52'),(17,199,208,'1990-08-03 19:24:11'),(18,204,174,'1984-08-17 08:54:00'),(19,208,181,'1973-02-04 14:18:56'),(20,211,212,'1998-09-27 12:19:52'),(21,212,308,'1976-02-11 08:14:30'),(22,215,194,'1971-10-04 09:09:17'),(23,216,318,'2018-09-23 14:59:30'),(24,219,237,'2012-06-17 01:23:02'),(25,221,258,'1977-05-23 14:07:20'),(26,222,316,'2011-12-13 03:09:53'),(27,224,281,'2010-12-31 05:36:04'),(28,225,299,'2007-05-03 13:00:20'),(29,226,293,'1970-04-30 08:53:37'),(30,228,309,'1997-06-14 06:31:48'),(31,230,308,'2016-03-14 08:42:01'),(32,231,180,'2004-08-10 12:20:15'),(33,232,314,'2003-11-26 00:46:52'),(34,235,197,'2008-12-11 09:32:13'),(35,237,212,'1994-08-11 16:50:56'),(36,238,232,'1990-07-31 00:36:44'),(37,240,221,'2020-08-06 01:57:52'),(38,241,282,'2005-01-01 18:13:26'),(39,247,276,'1985-12-13 17:24:41'),(40,250,266,'1972-12-18 00:32:53'),(41,252,273,'2018-04-24 19:09:50'),(42,253,297,'1994-09-10 08:04:11'),(43,257,268,'2017-11-23 23:50:54'),(44,258,208,'1996-02-06 20:40:25'),(45,260,281,'1991-04-21 16:20:07'),(46,264,192,'1979-08-10 17:22:50'),(47,265,309,'1983-03-05 05:34:59'),(48,266,240,'1995-07-25 13:52:36'),(49,267,177,'1988-09-13 20:09:23'),(50,268,240,'1979-03-03 15:17:58'),(51,269,235,'1982-03-10 05:01:50'),(52,271,299,'1986-07-08 17:09:44'),(53,272,198,'2015-04-26 10:58:32'),(54,273,176,'1985-07-05 21:44:41'),(55,274,268,'1973-08-30 12:12:41'),(56,276,306,'2010-07-19 13:27:16'),(57,278,219,'2000-01-31 01:17:45'),(58,279,318,'2001-05-12 19:09:16'),(59,281,228,'1996-09-16 20:25:58'),(60,282,327,'1973-10-02 12:44:01'),(61,284,318,'1977-08-05 09:52:11'),(62,285,299,'1998-05-03 08:43:17'),(63,287,211,'1980-05-21 20:55:44'),(64,289,305,'2019-04-20 00:35:56'),(65,290,321,'2017-09-04 21:22:56'),(66,291,333,'2003-07-19 07:48:18'),(67,292,306,'2001-11-06 21:20:07'),(68,293,228,'2005-08-25 14:29:40'),(69,295,268,'1977-03-13 07:36:00'),(70,296,272,'1985-05-06 01:14:28'),(71,297,268,'2009-12-16 13:10:55'),(72,298,265,'1999-04-25 18:34:50'),(73,299,271,'2021-04-16 03:43:54'),(74,301,257,'2015-04-08 01:32:11'),(75,304,204,'1979-02-07 02:38:46'),(76,305,219,'1977-06-02 12:47:45'),(77,306,342,'2021-06-10 06:40:56'),(78,308,181,'1977-07-18 10:11:16'),(79,309,326,'2021-01-03 15:59:42'),(80,311,268,'1973-11-03 00:50:16'),(81,312,326,'2001-09-29 12:10:57'),(82,313,304,'1978-01-17 04:12:02'),(83,314,323,'2009-03-17 23:32:32'),(84,316,291,'1991-05-11 05:25:18'),(85,317,327,'2006-08-15 23:41:14'),(86,318,292,'1982-10-17 01:51:29'),(87,319,216,'2009-11-03 17:50:34'),(88,321,232,'1991-06-05 06:03:13'),(89,322,312,'1987-03-20 13:35:36'),(90,323,247,'1996-04-04 21:29:22'),(91,326,333,'1982-02-02 06:25:24'),(92,327,181,'2009-04-27 14:40:05'),(93,329,199,'1987-08-22 14:26:47'),(94,330,316,'2003-08-31 01:02:28'),(95,332,264,'1986-10-08 05:29:26'),(96,333,190,'2011-06-21 04:13:32'),(97,334,186,'2009-09-29 23:00:52'),(98,335,282,'1974-01-20 16:30:36'),(99,338,321,'1974-07-09 20:14:00'),(100,342,224,'2006-01-08 00:09:31');
/*!40000 ALTER TABLE `user_likes` ENABLE KEYS */;
UNLOCK TABLES;

--
-- Table structure for table `users`
--

DROP TABLE IF EXISTS `users`;
/*!40101 SET @saved_cs_client     = @@character_set_client */;
/*!50503 SET character_set_client = utf8mb4 */;
CREATE TABLE `users` (
  `id` bigint unsigned NOT NULL AUTO_INCREMENT,
  `firstname` varchar(50) CHARACTER SET utf8mb4 COLLATE utf8mb4_unicode_ci DEFAULT NULL,
  `lastname` varchar(50) CHARACTER SET utf8mb4 COLLATE utf8mb4_unicode_ci DEFAULT NULL COMMENT '',
  `email` varchar(120) CHARACTER SET utf8mb4 COLLATE utf8mb4_unicode_ci DEFAULT NULL,
  `password_hash` varchar(100) CHARACTER SET utf8mb4 COLLATE utf8mb4_unicode_ci DEFAULT NULL,
  `phone` bigint unsigned DEFAULT NULL,
  PRIMARY KEY (`id`),
  UNIQUE KEY `email` (`email`),
  UNIQUE KEY `phone` (`phone`),
  KEY `users_firstname_lastname_idx` (`firstname`,`lastname`)
) ENGINE=InnoDB AUTO_INCREMENT=601 DEFAULT CHARSET=utf8mb4 COLLATE=utf8mb4_unicode_ci COMMENT='';
/*!40101 SET character_set_client = @saved_cs_client */;

--
-- Dumping data for table `users`
--

LOCK TABLES `users` WRITE;
/*!40000 ALTER TABLE `users` DISABLE KEYS */;
INSERT INTO `users` VALUES (172,'Kiara','McClure','fisher.cory@example.com','1bd6a7ae75812a77bff34e71857f8a282b16336b',0),(173,'Rosetta','Hettinger','fstroman@example.org','6c22c826b050b7feb35f9bb01eb0f6ce58e63c09',4),(174,'Jennifer','Block','dino.anderson@example.org','d2ce3c03c5b8c7d374cacf99a32cd0a98f220d61',384),(176,'Henry','Tremblay','kris.brett@example.org','0fbadc87ac75251d34e5b32a7462ebba1ba4764e',286),(177,'Amalia','Dooley','lura94@example.com','4701276aaf85c6325648ca677cf522947f68cfce',507864),(180,'Garry','Haley','parker.ozella@example.net','b7eec28c0c30f15da30cd7f3d7976a74728743a6',910715),(181,'Nelda','Muller','ewisoky@example.net','1523945b40d589254a9dfd0ee9953aa36d45d3cd',1),(184,'D\'angelo','Morissette','marvin.jada@example.net','e6d1864d1cd3ce08b0dea1c9d843d866cd4a1d66',7585785825),(186,'Carissa','Dickinson','schuppe.dee@example.com','7190a9e1612a185359830343fa54c1515d4504d3',96994),(190,'Cassie','Cronin','ewelch@example.com','0ed95f7c5bd0706294702b058b17848850a800b1',485),(192,'Lou','Ritchie','gerry.funk@example.org','5474b27f97b8bf2d957ee4733d9119e929742a02',13),(193,'Lori','Borer','vcronin@example.com','f397a9eb3a0281d0271df84de25297accabee3e8',141622),(194,'Hettie','Lebsack','cwolf@example.org','23c9c8242fa344a2e54bb7b83071a3f2d241c7bd',82),(196,'Mohammed','Breitenberg','julia64@example.com','2178e3408e9a3c4735605e6473800a9552d5fa0e',330),(197,'Taryn','Spinka','ryleigh.medhurst@example.com','dbab45788edb9c7a8d1da8fc9161694730234d1e',964397),(198,'Melany','White','precious.hamill@example.net','350e0463adaf090bc5d7da054e0dffdf2a7f9575',367225),(199,'Delta','Marquardt','kirsten.ledner@example.com','78b41a8a3df72b154795a2be8d441aa20f2d6411',88),(204,'Marian','Pollich','constance59@example.org','bf95bd49abe0fbefcca794b30739a9dbe7077890',162424),(208,'Crawford','Sipes','stamm.gianni@example.net','aa68dc48e9d6fcc84dadcbc6a247b70dab6259a2',234),(211,'Jedidiah','Bashirian','murl.hickle@example.net','8fb61f062c9045374924573c09c4242fec6236b6',64),(212,'Betsy','Hackett','corrine.senger@example.net','7c04afd31dc9bd6213703b7baaee37f37965c99f',3359782208),(215,'Hugh','Lehner','hickle.london@example.com','e1b3345dbc346218f495348e83393a9cc05d49bc',784),(216,'Lorenzo','Hahn','cpouros@example.org','6c6f99977a1e970889e389cc055748346bb0e452',22),(219,'Gladys','Turner','dhudson@example.org','2eacf16a801b812bd2b754b7660825f7c535b339',329209),(221,'Melvina','Dickens','donny51@example.org','038aea8b3a6bdab32a6dc9b8162056a9a1494371',131),(222,'Arch','King','bbreitenberg@example.net','1a2dc45864b7c8c6243a903ad64500d51e6aaace',803),(224,'Austin','Reilly','neil91@example.net','8f766bbbff9dfea86a86a81d5c0f2e26a0123f59',329),(225,'August','Weimann','jerry80@example.org','e3f8254f7d1a47f7857c391afa626d75927033b8',51722),(226,'Leif','Hauck','o\'kon.jacey@example.com','45f22de91db96d82e3237aad5156cc384f5d4474',636130),(228,'Tatum','Howe','patience32@example.org','daf599245bcb9d18d331d8b66e92abf7aad71277',993),(230,'Delpha','Beatty','domenic.metz@example.org','4a7df060215ca03a62a1a00cf040af2ee408e9e2',111350),(231,'Margarette','Beier','catherine61@example.com','997d97648940888d0823db30cfbf71002463b618',178),(232,'Marietta','Kohler','shayne30@example.net','2cd454f827107c5815ab5eb199ad2c000aa11861',34),(235,'Mariana','Franecki','betsy.stanton@example.org','0ad176798acf8a4ca3b98ea461e28f53daf53547',148570),(237,'Annalise','DuBuque','isaias50@example.com','cb43a46060f2cf5d5d8bff22fe6fad5627d6f3f1',566085),(238,'Sanford','Hamill','abraham28@example.org','a797c3bf09fe73b70d99ca576f3951977fc2c065',51139),(240,'Alene','Parker','jane58@example.org','e35690ad7e5f097fdd9bfdb14ac3465288517639',863),(241,'Evelyn','Botsford','rey.collins@example.org','e23f7abf94e3a1611956ef80c9b881b88c2d04a7',71),(247,'Freddie','Hilpert','ohartmann@example.com','2805db6284062b469ecf192d79187f6e34646a8c',855380),(250,'Rosendo','Kub','brekke.jeramy@example.org','9fd3ce993849e2df25230cd4cea93b05ee9a8e13',542770),(252,'Damion','Volkman','ygrady@example.net','a6e66cb9f5df7a36998d95dcf95c42538a6889e8',179),(253,'Arely','Deckow','hattie31@example.com','0a1b433afeb141f03930dac0dae481c62f6ac0a1',337),(257,'Ashtyn','Greenfelder','marques.moore@example.net','4a8c331e32b0021a81b9640c4a32cbabd9a564a2',9337949577),(258,'Violette','Olson','xyundt@example.com','22558188fb138c8128f0b06ad1387845857950b8',104),(260,'Matteo','Eichmann','reggie.kshlerin@example.com','f766b62d1bd738b202a3a9c54938a02f61150f43',72),(264,'Delmer','Lueilwitz','mikayla.lueilwitz@example.net','c25f1f0300d4b51124ad4152bfa32108ac981e1c',965),(265,'Otto','McGlynn','psanford@example.org','64af6b456dafe297e4fc44878456a6b6453a3136',25),(266,'Ellie','Goyette','harold00@example.org','f006caa82b628c46a1ff7d2b26d509afd5c373dc',559),(267,'Valentina','Prohaska','verla23@example.net','dcd5ec0bb6c4f2ea4ca8405128ad4a27d909dacb',385),(268,'Stewart','Wehner','bartoletti.chelsie@example.com','293c6606ec549792d0582bf432de612c6c89b841',21),(269,'Jamel','Pagac','wheidenreich@example.net','83f856048f8bb11166ee8bfccdf2ee3ec6a79afb',6860166151),(271,'Lula','Yundt','alangworth@example.net','9e125d2f723c2cdec0ff78427a53c84f432c64c2',2671),(272,'Jeremy','Bosco','pschmeler@example.com','6f02486a614fdeba4a17a1573336a6a68055c9f0',879296205),(273,'Alan','Swaniawski','fblanda@example.org','dd5df2bdc6f0bf597f5574b962257ae2bb87fd10',355861),(274,'Garrick','Legros','corkery.agnes@example.org','643da9169941f90fd334bc7ce0ec5a38342ed5bc',7052653230),(276,'Reva','Hane','colleen.hamill@example.org','1f0fb163dfbfbc2a213499ba322411de03e8208a',8193594027),(278,'Lea','Hahn','evie.kris@example.org','f15548dd8174338c217561d20b0945384dfbe732',87),(279,'Laila','Kertzmann','lonie.schumm@example.org','6543bfa203a5b052526061788acadf4744784b3b',5024938335),(281,'Zola','Abshire','xhintz@example.org','2b65db1bacc038b414f19df314852674c0ad9f5d',979),(282,'Vesta','Connelly','marianne28@example.net','a13f602666002a7025ab29bc4fd3aeb6df41343a',4469280622),(284,'Stacy','Stanton','gladys.murazik@example.com','0764262761f75d242bc6860127b4a01279964ba6',3712398414),(285,'Larry','Goldner','hweber@example.net','a19d8001f507cdb10adc44e283b78ae0078ebb67',94534),(287,'Lambert','Schowalter','karolann.thompson@example.org','24351d5cdc544aedd59edcdd596084baaffffeb2',672130945),(289,'Wava','Crooks','baby45@example.net','2bbe87068d6d11a4882a0281eaddd36e098dcb69',553),(290,'Adrianna','Hilll','spinka.brent@example.org','0614d20e228ea0b73b816e50959fdd1e383b2951',744),(291,'Dagmar','Kiehn','ben80@example.com','8bba5680cb5210774fd0e5d401a8817cdc8b8b7c',376794),(292,'Ida','Reilly','spadberg@example.com','feec5b902fb9e11c7a3cc69b17e177334a38e394',2304954513),(293,'Gunnar','Steuber','terence.cartwright@example.org','d12547a26f32e4ea9f92286001a7ffefdbc1336a',9454771379),(295,'Hettie','Abernathy','arlo50@example.org','2e870cec6355904855aa1c2904e219850dab5c93',25599),(296,'Jailyn','Dibbert','garrett.bahringer@example.org','e59aceedda3fab194dba262eedc908ef669aa537',993648),(297,'Natalia','Tillman','hudson.katlynn@example.net','abacdc735584b1be5fd61499a3d62e2c54f574c5',263763),(298,'Riley','Sporer','ybogan@example.com','440c06a62f6eb7dba21fadaf13e3d39b6c698936',68),(299,'Belle','Wilkinson','clementina.leannon@example.org','5a0d5956a984717ae3dba2923648ff9ce244c6cd',411835),(301,'Tod','Swaniawski','orland26@example.org','cd1c7f3e570dd609d4e574ce3766f011f3bfe833',26),(304,'Macey','Koelpin','xortiz@example.org','24e64fdcf34aeb7dc08757599399548c311e4ce6',253),(305,'Edythe','Mann','zieme.roxane@example.net','a1d0a32b0c9775e35dc3c6f443bf244d4b224313',533),(306,'Emma','Haley','mack.rempel@example.com','ff7ff17f37da1b29a75c7d22efdcfc5d735a0310',935),(308,'Deangelo','Yundt','nicola.torp@example.com','97c5358d2db0ff04f39bf2dd08f9dc92f652a8de',461),(309,'Lucienne','O\'Hara','kiley77@example.net','6bdd55e681253e2e8ec630f9ff7fc13b3c6ecffc',42),(311,'Ezra','Harber','conrad25@example.net','767afca54ed3ebb3512f57a695e2cd5c3c8c8d08',77573),(312,'Alda','Gaylord','rschmeler@example.com','ad5ad52b9c2532a3c61260ef2e6b0cff59c79be1',573084),(313,'Zoie','Lowe','jerod.anderson@example.net','c0feb627b7f78ef68652fd70c056ea4e4d4ebad2',785),(314,'Emery','Yundt','hagenes.nikita@example.com','d68e1d0471c4a8b57ae89dc8db3189498108b6c2',6261),(316,'Karina','McGlynn','benny.gulgowski@example.org','95b29b604387807b98f0c50d80c9a5984c1c34bf',272),(317,'Arnold','Roob','yberge@example.net','add79d9514b3cbc1ec10df8d6a775237b843595e',198932163),(318,'Albin','Wintheiser','jessyca.rau@example.org','f1925bd92d73f4e4d97de77018cd4f6cefffdf90',675726),(319,'Francesco','Skiles','rocio60@example.org','181eaf52e1afc204a80d9893e29a51bae56fee39',130),(321,'Sonya','Bechtelar','allen.crist@example.com','8ec8d31005b10bbe5e29cfeac269a7dab55be71f',630),(322,'Dovie','Powlowski','eleanora62@example.org','693d6a2d2cf00cfdbe4b3ef155c069ca0db54c36',832137),(323,'Otho','Mraz','howell27@example.com','edecc9eb1a8b687edc5d7e61371e45e70416e8cd',7348984404),(326,'Verona','Langworth','mbauch@example.com','eb3467bbeda3221ea756ea26513033100c032b5f',815016),(327,'Louie','Kutch','jayda21@example.com','82ba807c2112b20ae88e01e13b10030430bfcf10',694900),(329,'Mack','Hermiston','erica69@example.net','8bdacbfdea4aaf0b65013dbabc0633f17a525851',739),(330,'Hettie','Vandervort','murl.lynch@example.net','1372ad304d429011e68145502da41fc4fb786076',3304519210),(332,'Madonna','Dare','wunsch.dawson@example.com','e4e7fb645bb13ecf6b50f785785eddbe653a670a',80),(333,'Rosalind','Beier','kswift@example.com','b60466aa6dccee42c5e074ba1848599e490318f6',4850581078),(334,'Jon','Christiansen','damian64@example.org','653aa52bc7e227467bb1abd8949d0e195cc62b3f',776),(335,'Ashton','Mueller','lebsack.domenick@example.net','ce4c43ded35717bc5596a1991b8d1d237d4f4873',928533852),(338,'Leonora','Tillman','derrick.bins@example.net','7dea97732e8ecdc64004ac641119868472e5db09',8325205985),(342,'Moses','Gleason','ellie.swaniawski@example.com','f8590e6858027d3d5c1c329037a0325e7868c80a',8766583091);
/*!40000 ALTER TABLE `users` ENABLE KEYS */;
UNLOCK TABLES;

--
-- Table structure for table `users_communities`
--

DROP TABLE IF EXISTS `users_communities`;
/*!40101 SET @saved_cs_client     = @@character_set_client */;
/*!50503 SET character_set_client = utf8mb4 */;
CREATE TABLE `users_communities` (
  `user_id` bigint unsigned NOT NULL,
  `community_id` bigint unsigned NOT NULL,
  PRIMARY KEY (`user_id`,`community_id`),
  KEY `community_id` (`community_id`),
  CONSTRAINT `users_communities_ibfk_1` FOREIGN KEY (`user_id`) REFERENCES `users` (`id`),
  CONSTRAINT `users_communities_ibfk_2` FOREIGN KEY (`community_id`) REFERENCES `communities` (`id`)
) ENGINE=InnoDB DEFAULT CHARSET=utf8mb4 COLLATE=utf8mb4_unicode_ci;
/*!40101 SET character_set_client = @saved_cs_client */;

--
-- Dumping data for table `users_communities`
--

LOCK TABLES `users_communities` WRITE;
/*!40000 ALTER TABLE `users_communities` DISABLE KEYS */;
INSERT INTO `users_communities` VALUES (172,1),(173,2),(174,3),(176,4),(177,5),(180,6),(181,7),(184,8),(186,9),(190,10),(192,11),(193,12),(194,13),(196,14),(197,15),(198,16),(199,17),(204,18),(208,19),(211,20),(212,21),(215,22),(216,23),(219,24),(221,25),(222,26),(224,27),(225,28),(226,29),(228,30),(230,31),(231,32),(232,33),(235,34),(237,35),(238,36),(240,37),(241,38),(247,39),(250,40),(252,41),(253,42),(257,43),(258,44),(260,45),(264,46),(265,47),(266,48),(267,49),(268,50),(269,51),(271,52),(272,53),(273,54),(274,55),(276,56),(278,57),(279,58),(281,59),(282,60),(284,61),(285,62),(287,63),(289,64),(290,65),(291,66),(292,67),(293,68),(295,69),(296,70),(297,71),(298,72),(299,73),(301,74),(304,75),(305,76),(306,77),(308,78),(309,79),(311,80),(312,81),(313,82),(314,83),(316,84),(317,85),(318,86),(319,87),(321,88),(322,89),(323,90),(326,91),(327,92),(329,93),(330,94),(332,95),(333,96),(334,97),(335,98),(338,99),(342,100);
/*!40000 ALTER TABLE `users_communities` ENABLE KEYS */;
UNLOCK TABLES;
/*!40103 SET TIME_ZONE=@OLD_TIME_ZONE */;

/*!40101 SET SQL_MODE=@OLD_SQL_MODE */;
/*!40014 SET FOREIGN_KEY_CHECKS=@OLD_FOREIGN_KEY_CHECKS */;
/*!40014 SET UNIQUE_CHECKS=@OLD_UNIQUE_CHECKS */;
/*!40101 SET CHARACTER_SET_CLIENT=@OLD_CHARACTER_SET_CLIENT */;
/*!40101 SET CHARACTER_SET_RESULTS=@OLD_CHARACTER_SET_RESULTS */;
/*!40101 SET COLLATION_CONNECTION=@OLD_COLLATION_CONNECTION */;
/*!40111 SET SQL_NOTES=@OLD_SQL_NOTES */;

-- Dump completed on 2021-08-01 17:28:55
