-- MySQL dump 10.13  Distrib 8.0.25, for Win64 (x86_64)
--
-- Host: localhost    Database: vk
-- ------------------------------------------------------
-- Server version	8.0.25

/*!40101 SET @OLD_CHARACTER_SET_CLIENT=@@CHARACTER_SET_CLIENT */;
/*!40101 SET @OLD_CHARACTER_SET_RESULTS=@@CHARACTER_SET_RESULTS */;
/*!40101 SET @OLD_COLLATION_CONNECTION=@@COLLATION_CONNECTION */;
/*!50503 SET NAMES utf8mb4 */;
/*!40103 SET @OLD_TIME_ZONE=@@TIME_ZONE */;
/*!40103 SET TIME_ZONE='+00:00' */;
/*!40014 SET @OLD_UNIQUE_CHECKS=@@UNIQUE_CHECKS, UNIQUE_CHECKS=0 */;
/*!40014 SET @OLD_FOREIGN_KEY_CHECKS=@@FOREIGN_KEY_CHECKS, FOREIGN_KEY_CHECKS=0 */;
/*!40101 SET @OLD_SQL_MODE=@@SQL_MODE, SQL_MODE='NO_AUTO_VALUE_ON_ZERO' */;
/*!40111 SET @OLD_SQL_NOTES=@@SQL_NOTES, SQL_NOTES=0 */;

--
-- Table structure for table `communities`
--

DROP TABLE IF EXISTS `communities`;
/*!40101 SET @saved_cs_client     = @@character_set_client */;
/*!50503 SET character_set_client = utf8mb4 */;
CREATE TABLE `communities` (
  `id` bigint unsigned NOT NULL AUTO_INCREMENT,
  `name` varchar(150) DEFAULT NULL,
  `admin_user_id` bigint unsigned NOT NULL,
  UNIQUE KEY `id` (`id`),
  KEY `communities_name_idx` (`name`),
  KEY `admin_user_id` (`admin_user_id`),
  CONSTRAINT `communities_ibfk_1` FOREIGN KEY (`admin_user_id`) REFERENCES `users` (`id`)
) ENGINE=InnoDB AUTO_INCREMENT=21 DEFAULT CHARSET=utf8mb4 COLLATE=utf8mb4_0900_ai_ci;
/*!40101 SET character_set_client = @saved_cs_client */;

--
-- Dumping data for table `communities`
--

LOCK TABLES `communities` WRITE;
/*!40000 ALTER TABLE `communities` DISABLE KEYS */;
INSERT INTO `communities` VALUES (1,'In provident esse ea voluptatibus culpa adipisci ut.',178),(2,'Ut aut sed error pariatur cum.',179),(3,'Accusamus quo nisi recusandae in omnis impedit amet aut.',180),(4,'Aut ab qui id.',181),(5,'Consectetur repellat fugit deserunt quia modi nisi nihil.',182),(6,'Soluta molestiae facilis cupiditate aut quidem.',183),(7,'Maxime cumque minima rerum illo.',185),(8,'Consequuntur aut facere culpa esse et molestias sunt.',187),(9,'Facere cupiditate sed corporis.',188),(10,'At quas enim sed veritatis velit dolorem.',189),(11,'Aspernatur numquam consectetur voluptatem est aut.',192),(12,'Nihil in eos tempore.',196),(13,'Quos alias saepe earum quam fugiat porro.',197),(14,'Quis iure in et atque pariatur in rerum.',198),(15,'Architecto eveniet natus autem nesciunt deleniti quos cupiditate ex.',199),(16,'Est quis praesentium voluptatem quod velit reiciendis.',201),(17,'Tenetur occaecati esse sapiente illo blanditiis et corrupti.',202),(18,'Fugit ullam quia quo at et quisquam.',204),(19,'Odit quis quis qui nemo necessitatibus.',207),(20,'Consequatur soluta est aut tenetur atque enim.',209);
/*!40000 ALTER TABLE `communities` ENABLE KEYS */;
UNLOCK TABLES;

--
-- Table structure for table `friend_requests`
--

DROP TABLE IF EXISTS `friend_requests`;
/*!40101 SET @saved_cs_client     = @@character_set_client */;
/*!50503 SET character_set_client = utf8mb4 */;
CREATE TABLE `friend_requests` (
  `initiator_user_id` bigint unsigned NOT NULL,
  `target_user_id` bigint unsigned NOT NULL,
  `status` enum('requested','approved','declined','unfriended') CHARACTER SET utf8mb4 COLLATE utf8mb4_unicode_ci DEFAULT NULL,
  `requested_at` datetime DEFAULT CURRENT_TIMESTAMP,
  `updated_at` datetime DEFAULT NULL ON UPDATE CURRENT_TIMESTAMP,
  PRIMARY KEY (`initiator_user_id`,`target_user_id`),
  KEY `target_user_id` (`target_user_id`),
  CONSTRAINT `friend_requests_ibfk_1` FOREIGN KEY (`initiator_user_id`) REFERENCES `users` (`id`),
  CONSTRAINT `friend_requests_ibfk_2` FOREIGN KEY (`target_user_id`) REFERENCES `users` (`id`)
) ENGINE=InnoDB DEFAULT CHARSET=utf8mb4 COLLATE=utf8mb4_unicode_ci;
/*!40101 SET character_set_client = @saved_cs_client */;

--
-- Dumping data for table `friend_requests`
--

LOCK TABLES `friend_requests` WRITE;
/*!40000 ALTER TABLE `friend_requests` DISABLE KEYS */;
INSERT INTO `friend_requests` VALUES (178,178,'unfriended','2001-05-22 21:44:42','1986-05-12 19:08:51'),(179,179,'requested','1978-05-30 21:46:01','1984-10-23 16:58:42'),(180,180,'declined','2010-05-03 21:40:26','2007-08-19 05:43:40'),(181,181,'declined','1987-04-05 01:18:52','2019-04-21 02:39:01'),(182,182,'approved','1978-12-26 09:50:37','2015-08-29 22:17:16'),(183,183,'requested','2017-03-04 13:30:11','2020-04-02 17:21:53'),(185,185,'declined','1999-10-07 16:23:12','2021-06-19 11:17:56'),(187,187,'declined','2008-09-26 05:28:28','2001-08-16 01:21:50'),(188,188,'requested','2006-05-07 19:28:16','1986-08-14 12:12:06'),(189,189,'declined','1993-09-05 19:15:38','2009-10-07 21:19:56'),(192,192,'requested','2012-08-17 01:11:05','2014-03-13 04:42:06'),(196,196,'unfriended','1986-09-20 17:07:27','1983-09-30 22:24:17'),(197,197,'unfriended','1973-03-27 06:53:09','2020-09-06 23:05:05'),(198,198,'declined','2000-01-04 09:01:58','2010-12-08 02:27:04'),(199,199,'unfriended','2020-09-28 23:41:49','1997-04-24 11:36:45'),(201,201,'requested','1988-06-09 21:20:00','2000-04-22 21:05:55'),(202,202,'declined','1996-01-05 18:35:50','1980-05-04 14:48:43'),(204,204,'unfriended','1979-06-27 13:08:40','2020-02-06 15:17:11'),(207,207,'requested','1998-01-11 10:07:46','1977-06-23 20:57:09'),(209,209,'requested','1982-08-30 09:53:00','1977-07-04 16:50:27'),(210,210,'unfriended','2020-10-23 01:09:41','1992-08-30 00:42:04'),(212,212,'unfriended','1997-12-23 08:58:07','2011-09-25 21:54:29'),(214,214,'declined','2007-05-01 12:10:20','1977-10-08 07:00:34'),(216,216,'requested','2012-02-03 17:58:46','1977-05-18 14:25:32'),(218,218,'approved','2010-06-12 14:22:25','1992-05-27 21:59:35'),(220,220,'approved','2020-05-02 23:44:33','2002-06-14 11:46:29'),(221,221,'requested','1983-04-26 03:01:23','1986-03-11 14:37:16'),(222,222,'unfriended','1995-06-10 01:07:10','1988-03-06 12:18:34'),(223,223,'declined','2009-07-10 01:56:02','2004-08-14 21:18:27'),(226,226,'approved','1982-12-23 23:30:35','2013-03-17 12:13:58'),(227,227,'requested','1977-08-04 15:22:54','2011-01-29 04:30:03'),(232,232,'approved','2003-04-30 15:08:22','1977-05-24 22:58:53'),(234,234,'approved','2017-01-22 00:37:41','1977-05-18 12:09:47'),(235,235,'requested','1979-01-20 13:58:02','2014-05-11 11:50:46'),(236,236,'unfriended','1974-07-09 11:51:00','1984-12-09 21:28:01'),(237,237,'unfriended','2016-09-14 01:32:30','2008-08-24 00:45:33'),(239,239,'requested','1998-12-19 02:36:01','1996-03-24 17:22:19'),(240,240,'declined','2018-10-05 11:18:18','1971-12-07 08:28:08'),(242,242,'approved','2013-04-19 05:11:21','2001-05-29 15:47:54'),(243,243,'unfriended','2013-03-07 07:55:19','1995-07-31 04:31:26'),(245,245,'requested','2019-05-07 22:03:25','1981-10-17 00:05:32'),(246,246,'declined','1982-02-07 22:02:29','2011-02-08 01:13:56'),(247,247,'approved','1985-03-15 19:28:42','1999-09-06 22:18:01'),(248,248,'unfriended','2018-06-15 14:45:18','1998-09-26 13:16:06'),(249,249,'declined','2009-03-18 00:16:35','2015-04-06 06:19:20'),(252,252,'unfriended','2006-06-25 09:36:28','1980-06-20 03:18:35'),(254,254,'declined','2003-04-06 07:33:29','2015-12-15 00:41:32'),(255,255,'unfriended','1981-03-25 02:01:59','1998-10-25 16:20:15'),(257,257,'requested','1996-08-15 21:31:39','1998-10-16 18:42:17'),(261,261,'approved','2017-06-20 00:31:37','1982-03-15 10:26:49'),(263,263,'approved','2012-10-27 19:11:15','2003-02-06 07:38:19'),(264,264,'declined','2009-07-27 22:02:20','1999-09-01 18:28:42'),(265,265,'requested','1977-10-13 17:14:10','1977-06-04 02:19:40'),(266,266,'declined','2018-11-13 16:10:29','2001-03-07 07:28:26'),(267,267,'requested','1993-05-28 01:25:17','1998-12-11 02:43:31'),(268,268,'requested','1993-12-31 01:47:15','1976-11-04 18:04:25'),(271,271,'approved','2003-04-10 13:31:53','1993-08-21 10:59:06'),(272,272,'declined','2018-08-21 16:24:12','1980-04-30 20:04:30'),(273,273,'unfriended','1986-01-04 00:12:48','2008-05-01 17:27:13'),(274,274,'unfriended','2002-03-24 21:10:45','2020-11-28 10:42:08'),(276,276,'declined','1985-05-05 12:13:52','1971-04-20 16:11:13'),(277,277,'approved','1982-08-01 17:30:23','1985-02-16 05:46:56'),(278,278,'requested','1980-01-26 13:19:25','1984-07-31 00:19:51'),(279,279,'unfriended','2006-03-16 18:01:54','2018-10-05 19:16:48'),(282,282,'approved','2015-07-05 18:45:37','2015-12-29 16:55:29'),(283,283,'requested','1990-07-10 04:20:10','1990-05-14 12:46:57'),(286,286,'unfriended','1988-01-26 23:52:05','1992-01-10 01:20:19'),(288,288,'approved','2020-02-26 06:10:13','1976-03-10 19:28:50'),(290,290,'unfriended','2015-02-03 11:26:31','2006-09-26 06:15:40'),(291,291,'declined','1974-09-23 22:12:28','1992-11-12 11:29:12'),(294,294,'unfriended','2017-09-04 02:42:13','1976-06-10 17:02:29'),(297,297,'declined','1999-07-25 19:55:58','1974-12-23 02:12:15'),(299,299,'requested','2006-05-27 13:13:18','1992-07-10 16:46:34'),(301,301,'unfriended','1979-12-17 02:59:25','1988-06-03 06:09:20'),(302,302,'declined','2018-06-25 19:34:31','1994-04-18 22:33:41'),(303,303,'requested','2013-04-22 10:04:04','1974-11-07 14:34:58'),(305,305,'approved','2016-04-01 21:07:42','1996-02-25 00:16:24'),(306,306,'unfriended','1977-09-26 19:11:28','1999-08-08 23:51:58'),(308,308,'unfriended','2013-12-20 06:15:25','2006-05-21 20:06:45'),(310,310,'unfriended','1982-04-27 14:50:35','2001-07-17 19:35:13'),(312,312,'approved','2017-05-05 11:59:28','2004-03-21 08:33:47'),(313,313,'declined','2004-08-24 20:53:29','2012-10-02 11:34:35'),(315,315,'requested','1973-02-22 15:22:51','2014-11-23 03:43:50'),(316,316,'requested','2007-11-17 14:16:56','1997-12-17 23:25:30'),(317,317,'declined','2018-06-03 19:01:55','1978-07-01 19:02:31'),(322,322,'approved','1970-04-03 23:06:11','1989-05-20 05:25:55'),(323,323,'declined','1988-07-13 05:07:35','2018-12-27 21:25:16'),(328,328,'declined','2009-08-20 20:24:29','1970-12-30 08:12:17'),(330,330,'unfriended','2002-02-19 12:12:46','1974-02-05 17:37:16'),(331,331,'approved','1977-05-10 20:22:12','1990-06-23 15:15:17'),(332,332,'unfriended','1982-01-24 15:25:08','2002-02-13 01:04:23'),(335,335,'approved','1971-09-28 03:13:37','2006-11-25 19:57:11'),(339,339,'requested','1971-04-27 14:40:41','2014-03-01 14:56:28'),(341,341,'declined','1990-05-04 13:18:43','2017-03-13 04:42:18'),(342,342,'declined','1986-06-23 19:56:03','1987-04-29 16:19:30'),(343,343,'unfriended','2014-01-14 05:42:05','2019-08-21 02:10:48'),(344,344,'declined','1974-05-28 16:14:31','1984-05-20 07:44:27'),(345,345,'declined','2020-11-27 21:31:21','2014-03-05 13:48:11'),(346,346,'requested','1971-04-30 23:47:56','1991-09-03 03:09:20'),(350,350,'requested','2006-11-20 15:53:31','2005-10-15 08:00:47');
/*!40000 ALTER TABLE `friend_requests` ENABLE KEYS */;
UNLOCK TABLES;

--
-- Table structure for table `likes`
--

DROP TABLE IF EXISTS `likes`;
/*!40101 SET @saved_cs_client     = @@character_set_client */;
/*!50503 SET character_set_client = utf8mb4 */;
CREATE TABLE `likes` (
  `id` bigint unsigned NOT NULL AUTO_INCREMENT,
  `user_id` bigint unsigned NOT NULL,
  `media_id` bigint unsigned NOT NULL,
  `created_at` datetime DEFAULT CURRENT_TIMESTAMP,
  UNIQUE KEY `id` (`id`)
) ENGINE=InnoDB AUTO_INCREMENT=101 DEFAULT CHARSET=utf8mb4 COLLATE=utf8mb4_unicode_ci;
/*!40101 SET character_set_client = @saved_cs_client */;

--
-- Dumping data for table `likes`
--

LOCK TABLES `likes` WRITE;
/*!40000 ALTER TABLE `likes` DISABLE KEYS */;
INSERT INTO `likes` VALUES (1,178,1,'1992-01-21 23:28:50'),(2,179,2,'2016-07-18 02:59:51'),(3,180,3,'1984-04-16 14:21:59'),(4,181,4,'2001-11-29 22:50:47'),(5,182,5,'2009-07-22 12:25:36'),(6,183,6,'2004-06-07 02:17:18'),(7,185,7,'1998-12-18 16:49:52'),(8,187,8,'1987-01-11 21:26:11'),(9,188,9,'1992-12-13 09:51:48'),(10,189,10,'1998-10-15 18:59:02'),(11,192,11,'2014-05-23 21:11:21'),(12,196,12,'1997-06-17 07:06:36'),(13,197,13,'1993-12-31 20:50:38'),(14,198,14,'1981-03-31 12:07:31'),(15,199,15,'2011-03-03 08:08:24'),(16,201,16,'1990-10-02 02:00:38'),(17,202,17,'1995-08-08 09:48:25'),(18,204,18,'1975-07-16 06:55:34'),(19,207,19,'2018-09-17 00:02:17'),(20,209,20,'1994-08-29 22:01:44'),(21,210,21,'1990-11-17 19:30:23'),(22,212,22,'1972-04-22 11:23:25'),(23,214,23,'1983-09-16 05:22:39'),(24,216,24,'1970-09-02 00:11:12'),(25,218,25,'1990-02-09 02:42:39'),(26,220,26,'2005-07-20 04:35:38'),(27,221,27,'2008-09-07 23:56:35'),(28,222,28,'1970-12-05 20:02:02'),(29,223,29,'2020-05-31 05:08:13'),(30,226,30,'2012-03-21 01:54:27'),(31,227,31,'2013-07-11 14:59:44'),(32,232,32,'2001-05-31 18:35:13'),(33,234,33,'2008-10-13 10:59:04'),(34,235,34,'1981-04-08 18:27:22'),(35,236,35,'1978-07-07 20:45:01'),(36,237,36,'2002-08-13 08:10:41'),(37,239,37,'1978-01-15 06:24:41'),(38,240,38,'2019-11-30 21:56:16'),(39,242,39,'2013-03-16 23:12:20'),(40,243,40,'2010-04-19 12:23:58'),(41,245,41,'1980-06-10 14:27:03'),(42,246,42,'2021-01-08 04:34:18'),(43,247,43,'1979-04-28 17:51:20'),(44,248,44,'2004-06-21 22:41:28'),(45,249,45,'1987-08-10 20:02:57'),(46,252,46,'1991-12-25 12:35:24'),(47,254,47,'2015-03-14 18:48:55'),(48,255,48,'2008-06-28 16:14:50'),(49,257,49,'1991-12-21 01:37:09'),(50,261,50,'1978-01-04 12:45:12'),(51,263,51,'1981-06-24 18:34:02'),(52,264,52,'1980-05-03 02:03:19'),(53,265,53,'2005-01-01 04:53:44'),(54,266,54,'2018-01-20 20:40:21'),(55,267,55,'2021-06-11 20:18:02'),(56,268,56,'1977-04-26 16:02:36'),(57,271,57,'1994-05-17 11:56:02'),(58,272,58,'2011-03-20 01:12:41'),(59,273,59,'2004-08-01 16:54:51'),(60,274,60,'1986-09-30 18:39:50'),(61,276,61,'2007-03-19 20:17:51'),(62,277,62,'1998-04-01 17:31:28'),(63,278,63,'1990-06-21 04:52:26'),(64,279,64,'2017-05-01 12:39:06'),(65,282,65,'1997-08-23 19:48:09'),(66,283,66,'1972-03-07 07:03:08'),(67,286,67,'1986-03-02 23:43:48'),(68,288,68,'1989-02-03 01:39:55'),(69,290,69,'1995-02-14 01:18:08'),(70,291,70,'1986-02-03 08:04:32'),(71,294,71,'2000-04-09 13:56:53'),(72,297,72,'1977-03-29 20:31:00'),(73,299,73,'1981-11-28 04:42:39'),(74,301,74,'1993-05-06 20:35:43'),(75,302,75,'1986-12-21 01:32:50'),(76,303,76,'2018-10-18 23:36:00'),(77,305,77,'1970-10-21 17:27:23'),(78,306,78,'1981-03-02 06:33:53'),(79,308,79,'1992-02-26 23:12:58'),(80,310,80,'1980-04-02 07:26:22'),(81,312,81,'2007-08-16 05:49:58'),(82,313,82,'2007-10-23 16:27:15'),(83,315,83,'1981-04-25 17:48:08'),(84,316,84,'1986-12-04 17:38:50'),(85,317,85,'2009-05-08 08:11:01'),(86,322,86,'2004-05-31 14:59:08'),(87,323,87,'2015-01-24 03:49:53'),(88,328,88,'2001-04-24 16:13:14'),(89,330,89,'1989-04-05 04:16:13'),(90,331,90,'2016-02-03 23:48:11'),(91,332,91,'2011-08-17 18:16:16'),(92,335,92,'2016-08-23 16:04:19'),(93,339,93,'1996-10-30 17:04:04'),(94,341,94,'1997-03-16 10:45:51'),(95,342,95,'2020-10-11 16:46:44'),(96,343,96,'1983-07-25 16:33:34'),(97,344,97,'1978-08-11 23:25:36'),(98,345,98,'2018-10-19 20:09:47'),(99,346,99,'2002-04-09 06:56:36'),(100,350,100,'1982-08-20 11:06:11');
/*!40000 ALTER TABLE `likes` ENABLE KEYS */;
UNLOCK TABLES;

--
-- Table structure for table `media`
--

DROP TABLE IF EXISTS `media`;
/*!40101 SET @saved_cs_client     = @@character_set_client */;
/*!50503 SET character_set_client = utf8mb4 */;
CREATE TABLE `media` (
  `id` bigint unsigned NOT NULL AUTO_INCREMENT,
  `media_type_id` bigint unsigned NOT NULL,
  `user_id` bigint unsigned NOT NULL,
  `body` text,
  `filename` varchar(255) DEFAULT NULL,
  `size` int DEFAULT NULL,
  `metadata` json DEFAULT NULL,
  `created_at` datetime DEFAULT CURRENT_TIMESTAMP,
  `updated_at` datetime DEFAULT NULL ON UPDATE CURRENT_TIMESTAMP,
  UNIQUE KEY `id` (`id`),
  KEY `user_id` (`user_id`),
  KEY `media_type_id` (`media_type_id`),
  CONSTRAINT `media_ibfk_1` FOREIGN KEY (`user_id`) REFERENCES `users` (`id`),
  CONSTRAINT `media_ibfk_2` FOREIGN KEY (`media_type_id`) REFERENCES `media_types` (`id`)
) ENGINE=InnoDB AUTO_INCREMENT=101 DEFAULT CHARSET=utf8mb4 COLLATE=utf8mb4_0900_ai_ci;
/*!40101 SET character_set_client = @saved_cs_client */;

--
-- Dumping data for table `media`
--

LOCK TABLES `media` WRITE;
/*!40000 ALTER TABLE `media` DISABLE KEYS */;
INSERT INTO `media` VALUES (1,1,178,'Molestiae consectetur perferendis eum voluptas quibusdam eaque. Vel reprehenderit sequi hic pariatur. Enim possimus architecto quia non deleniti.','voluptas',617827,NULL,'1975-09-14 11:50:56','1994-04-27 03:50:06'),(2,2,179,'Repellendus et sapiente et et officia earum molestiae exercitationem. Et vero dolores cumque provident et eos ullam. Mollitia nemo fugit soluta similique.','quasi',38,NULL,'1982-10-17 11:04:44','1997-02-28 21:14:54'),(3,3,180,'Et at iure distinctio ullam magni ut omnis. Expedita cupiditate quaerat sit est earum odit soluta nesciunt. Quia occaecati non iste culpa. Eos ullam magnam ratione veritatis vel quas.','dignissimos',69778,NULL,'2006-04-08 21:25:06','1994-10-19 12:57:52'),(4,4,181,'Et ipsam vitae qui eos ut animi. Aspernatur mollitia omnis rerum. Provident cum facere accusantium ut. Qui atque voluptate voluptatibus dolore quaerat.','eaque',1,NULL,'1981-11-04 00:25:53','1972-12-29 16:54:02'),(5,5,182,'Est in voluptas hic. A omnis laborum consequatur eos ut eius. Fugiat harum doloremque necessitatibus nostrum. Debitis unde laboriosam sint est. Et earum blanditiis praesentium nam quod hic.','quia',28717684,NULL,'1980-09-22 15:50:32','2012-03-02 05:18:14'),(6,6,183,'Velit quisquam cumque aut labore quis. Sit atque beatae repudiandae non eius provident quo. Et et maxime a laudantium repellendus et consequuntur.','aut',9,NULL,'1992-10-02 09:22:55','1977-08-18 09:59:03'),(7,7,185,'Est itaque molestias quae quo eum voluptatem provident. Doloremque vel suscipit et et. Est esse voluptatem rerum temporibus accusamus velit nostrum.','deleniti',7417308,NULL,'1986-03-08 00:02:38','1993-03-17 22:20:22'),(8,8,187,'Ducimus beatae dolorum soluta sit. Ea non voluptatem sit reprehenderit laborum. Occaecati error dolor sit rerum aut ratione. Qui rem expedita deleniti necessitatibus nostrum.','temporibus',7653046,NULL,'2002-09-04 03:54:30','2011-12-29 07:28:39'),(9,9,188,'Sit saepe quasi impedit explicabo enim dolor. Possimus sunt sapiente qui eos sed distinctio. Eius explicabo cum similique facere dolorem facilis.','inventore',2,NULL,'1978-10-29 06:25:38','2005-04-01 23:12:44'),(10,10,189,'Earum aperiam est error exercitationem dignissimos aliquid omnis. Est dolorem non quis. Necessitatibus odit consequuntur aliquid et voluptates.','culpa',157,NULL,'1984-11-28 04:28:11','2013-11-16 09:49:42'),(11,1,192,'Illo molestias aut possimus qui omnis. Aut est a pariatur eveniet qui veniam. Dolor dolore optio illum omnis qui ratione ratione ea. Perspiciatis enim sit velit laborum velit laborum. Est repellat nisi voluptatem aut hic provident necessitatibus.','nisi',534,NULL,'1988-07-18 22:31:21','1970-02-13 04:00:46'),(12,2,196,'Quam repellat numquam ducimus ratione non quos. Magnam similique exercitationem nobis ducimus reiciendis. Asperiores vel adipisci nobis consequuntur nemo. Quam ea labore ullam consequatur sunt.','iusto',74,NULL,'1999-11-22 17:14:03','1996-09-03 00:41:59'),(13,3,197,'Qui est vel sunt suscipit voluptatibus. Corrupti dolor sint non quia molestias. Impedit eveniet repudiandae recusandae dolorem quae dignissimos possimus. Ea enim sunt vero fuga.','minima',80594,NULL,'2021-03-19 14:20:45','1982-12-28 03:20:23'),(14,4,198,'Aut sed rerum occaecati libero molestiae magni. A non nihil pariatur aliquid aliquid commodi magnam. Nobis laborum consequatur occaecati.','ut',0,NULL,'2002-01-11 21:19:07','1999-02-02 17:04:08'),(15,5,199,'Deserunt sint dolor qui officia quia voluptatum non asperiores. Vero ducimus rerum amet quae qui laborum. Officia fugit maiores qui veritatis sint in. Atque mollitia similique fugit sequi ea reiciendis deserunt. Odio dolores dicta aliquid fugit suscipit fuga quidem.','sequi',200818717,NULL,'2009-01-12 22:20:21','1999-03-02 21:59:17'),(16,6,201,'Voluptatum et enim minima tempore. Provident nostrum velit harum voluptas. Nesciunt ullam aut sint id modi sit. Et nostrum non quae. Tenetur quia et qui et.','voluptas',5850,NULL,'1979-11-20 13:44:11','1972-05-30 00:02:57'),(17,7,202,'Ut sit voluptatibus laborum nihil ipsum. Accusamus molestiae ratione libero et. Culpa dignissimos culpa iure asperiores occaecati recusandae omnis. Rerum sint minima consequatur itaque.','itaque',33558895,NULL,'1986-12-23 17:19:49','1996-12-17 23:05:25'),(18,8,204,'Assumenda placeat cupiditate sint repudiandae quia ut quam. Fuga quae vero dolor est cum quae. Cupiditate voluptate nam saepe natus. Similique non voluptatem nesciunt dignissimos.','quos',5756,NULL,'2015-04-04 12:18:10','2010-05-27 23:18:36'),(19,9,207,'Ratione consequuntur molestiae suscipit voluptas consectetur fugiat aut dolorum. Perspiciatis excepturi iste facilis iusto necessitatibus vero voluptatem. Sit sed minima ducimus nemo explicabo. Exercitationem non quasi dolores sit.','asperiores',58883,NULL,'1975-07-04 04:48:17','1994-10-25 19:07:09'),(20,10,209,'Veritatis impedit perferendis fuga quas alias autem. Exercitationem facere est distinctio ut adipisci provident. Consectetur natus ut qui cupiditate. Dolorum architecto alias alias aut deserunt harum enim.','optio',5480,NULL,'1974-07-26 18:01:45','2015-12-07 14:00:12'),(21,1,210,'Magnam aut cum distinctio ab inventore quia. Quod accusamus impedit ut provident. Ipsam omnis ut sit voluptatem ab culpa neque. Saepe temporibus voluptas enim voluptatem neque ratione laudantium.','officiis',32,NULL,'2010-11-25 13:45:50','2019-07-27 09:30:11'),(22,2,212,'Voluptates non rerum sequi dolores non. Dicta est et facilis tenetur repudiandae veritatis ratione. Quidem aut minus vitae.','id',2980,NULL,'1978-10-05 10:39:46','2003-07-15 20:25:59'),(23,3,214,'Ipsa consequatur sint pariatur veniam corporis. Omnis sed nihil est cumque aut eius dignissimos. Amet consectetur nemo ut omnis eveniet. Voluptatibus et officiis doloremque expedita optio.','sequi',8913243,NULL,'1984-07-13 13:34:35','2015-10-17 21:52:59'),(24,4,216,'Cupiditate quisquam qui explicabo praesentium occaecati vel. Expedita tempore ut voluptatibus explicabo deserunt dolor. Delectus debitis doloribus laborum.','animi',1816321,NULL,'2000-03-06 06:36:44','1972-03-02 21:46:59'),(25,5,218,'Rerum architecto magnam dolorem provident. Maiores omnis praesentium beatae illum omnis aut. Non in dolorem omnis consequatur aut.','et',913346,NULL,'1996-03-13 10:45:07','1996-06-23 11:36:59'),(26,6,220,'Assumenda libero at omnis velit eum. Qui rem voluptatibus sint voluptatem harum.','debitis',26381,NULL,'1990-09-08 14:58:57','1979-07-29 13:29:30'),(27,7,221,'Quidem quisquam et ex et quis quia illo. Alias corporis hic quis sit labore architecto magni. Recusandae quo similique accusantium omnis accusamus non. Ut ea expedita rerum fuga dolores rerum deleniti mollitia.','alias',4868,NULL,'1998-06-19 07:23:18','2010-09-13 08:31:07'),(28,8,222,'Libero dolorum molestiae itaque. Aut veritatis tenetur id alias tempore consequatur. Odit odio odit maiores.','cupiditate',92643896,NULL,'1994-06-06 05:02:40','1984-09-09 13:38:50'),(29,9,223,'Mollitia et qui nesciunt aut accusamus. Qui beatae eum fuga rerum. Et quasi accusantium architecto quia possimus. Eos consequuntur eligendi aut et consectetur qui quia.','asperiores',5,NULL,'2021-05-12 18:44:38','1984-04-25 00:30:45'),(30,10,226,'Fugit eum consequatur praesentium eum. Deserunt sed voluptatem dolorem sunt molestias ducimus. Perferendis quia maxime porro dolores maxime asperiores ducimus sed. Itaque ex velit id et nihil suscipit sed nemo.','quam',96088567,NULL,'2011-09-15 06:56:45','2009-01-03 05:04:18'),(31,1,227,'Ut veritatis et dolorem expedita repudiandae. Fugiat sunt numquam qui. Necessitatibus sed dolores sapiente neque.','quos',57,NULL,'1985-07-22 04:59:54','1974-05-27 13:06:58'),(32,2,232,'Repellat quas odit harum modi explicabo. Hic commodi itaque minima maiores.','modi',967,NULL,'1986-01-10 22:46:58','1985-03-07 22:26:06'),(33,3,234,'Eaque corporis culpa omnis qui eius dolorem architecto. Deleniti voluptates accusantium deleniti quaerat nostrum. Dignissimos quam labore dolore aut.','ullam',77529779,NULL,'1970-05-15 18:45:04','2016-06-19 10:09:23'),(34,4,235,'Nisi delectus fugiat aperiam autem. Ad officiis sint et esse sit velit et. Expedita non quisquam nostrum natus cum perspiciatis. Pariatur enim repellendus illum neque.','autem',5,NULL,'1981-04-01 23:26:41','2000-10-15 00:04:07'),(35,5,236,'Quidem voluptas magnam voluptatem pariatur et esse sint. Deleniti autem veniam mollitia consequatur quia id soluta.','sed',60,NULL,'2003-10-30 14:21:24','2020-03-05 01:47:26'),(36,6,237,'Odit aut nisi nobis molestiae aut quae et omnis. Totam iusto quasi animi repudiandae ut eum delectus et. Et repellat aut inventore fuga voluptatem ut aut fugiat. Laborum iusto nisi at iusto. Magni praesentium sunt harum odit.','iure',46913296,NULL,'1972-09-16 19:54:10','1990-09-08 02:08:31'),(37,7,239,'Ad iste error voluptas eaque accusamus. Nihil porro sunt recusandae sit pariatur pariatur. Quisquam molestiae qui quia delectus voluptatem voluptatem ea. Quam in est commodi vel quisquam est.','cum',0,NULL,'2006-04-17 14:19:50','2008-09-18 22:18:59'),(38,8,240,'Necessitatibus expedita earum nesciunt sit fugiat facilis unde. Neque qui et qui natus et voluptate consectetur. Quo ut maiores quis error quia non inventore non.','laudantium',7536586,NULL,'2012-03-02 04:54:46','1998-07-09 04:27:46'),(39,9,242,'Dolorem nihil omnis qui quia. Ipsa est ab nesciunt aspernatur accusamus. Consequuntur doloremque odit corrupti voluptatum. Earum doloribus quis quos non. Totam laboriosam est illum sed voluptate nulla totam.','quo',723567,NULL,'1994-11-23 14:58:05','1973-11-24 09:29:46'),(40,10,243,'Consectetur alias odit consequuntur velit non rem. Modi explicabo perferendis facilis et sunt quisquam. Doloremque et consectetur reprehenderit eum.','rerum',27249,NULL,'2005-11-29 18:17:48','2002-08-27 21:29:09'),(41,1,245,'Fugit mollitia amet quo maiores. Laudantium est laborum at. Fugiat ut illo et vel libero iure.','quasi',25676,NULL,'2006-06-25 05:31:59','2015-08-08 01:31:51'),(42,2,246,'Enim assumenda velit incidunt. Dolorem officia itaque deserunt rerum animi modi omnis. Exercitationem modi ab quos explicabo unde temporibus.','inventore',49,NULL,'1991-08-10 11:21:06','1998-02-28 15:34:00'),(43,3,247,'Sit sit nesciunt inventore vitae illum placeat illo. Autem iusto voluptas repudiandae debitis. Saepe dolor dignissimos et maiores porro ipsa.','aliquid',7308849,NULL,'1992-05-31 07:14:54','1998-02-17 21:41:09'),(44,4,248,'Quisquam quibusdam dignissimos natus aperiam aperiam saepe eius. Nobis soluta qui ducimus qui nemo quo. Recusandae nisi dolores non facilis.','possimus',87,NULL,'1982-01-04 14:06:15','2010-09-14 18:44:42'),(45,5,249,'Non aut quibusdam velit vero nam. Tempora cumque aliquam tempora molestiae excepturi. Debitis voluptates suscipit quia.','non',0,NULL,'2015-11-29 17:22:30','1970-01-13 19:59:33'),(46,6,252,'Aut ipsum nemo minus quibusdam voluptate nisi et. Quis dolores perferendis cupiditate rem aut veniam ipsa ipsa. Eveniet necessitatibus cum cumque sequi voluptatem saepe debitis.','nihil',67501504,NULL,'1978-05-15 03:02:57','1979-09-09 08:35:00'),(47,7,254,'Autem porro eligendi et in reprehenderit sapiente optio. Quae saepe quis expedita minus temporibus maiores dicta. In impedit hic pariatur possimus. Qui est dolorem officia ut ducimus eos aperiam animi.','praesentium',0,NULL,'2007-12-17 22:00:24','2003-03-30 23:19:36'),(48,8,255,'Dolores optio fugit soluta id et velit. Repudiandae molestias voluptatem ut et eius corporis. Quasi laboriosam similique quae odit et et.','qui',15342024,NULL,'1999-07-19 09:03:16','1990-07-03 17:18:17'),(49,9,257,'Asperiores molestias repellat ad eos numquam cumque. Ad accusantium a voluptatem. Omnis eligendi dolor sit dolores praesentium.','magni',340,NULL,'1976-10-30 19:27:06','1975-05-13 15:04:18'),(50,10,261,'Minima quod ut enim adipisci perspiciatis. Fugiat amet consequatur corporis alias. Reprehenderit id quaerat eius veritatis nihil ducimus saepe.','voluptatem',585102953,NULL,'1971-06-19 19:48:21','2018-06-06 03:28:00'),(51,1,263,'Sed rerum aut sunt fuga aliquid. Nulla nesciunt sit sequi eligendi. Qui error autem consequatur dicta fugiat ratione mollitia rem.','commodi',77,NULL,'1978-11-02 08:19:40','1986-08-29 23:32:46'),(52,2,264,'Enim unde laborum illum repudiandae ipsam. Libero at quo et facere nihil.','reprehenderit',123,NULL,'2008-05-17 20:01:12','1987-09-11 06:22:12'),(53,3,265,'Nisi non rerum iusto et aut. Nesciunt maiores accusantium atque cum dolorem. Consequatur earum sed earum impedit dicta odio. Non rem impedit minus aliquam.','est',600444399,NULL,'2018-10-24 14:56:04','1980-09-06 19:54:41'),(54,4,266,'In voluptatem fugiat dolore voluptates ducimus. Natus sed laudantium doloribus quidem id quibusdam repudiandae vel. Eveniet in aperiam et dicta praesentium ad. Eveniet ut dolor consequatur repudiandae nostrum eos.','illum',6692,NULL,'2000-03-13 18:37:31','2004-04-28 01:51:28'),(55,5,267,'Totam eum doloribus libero sint qui. Est soluta est consequatur earum eveniet impedit. Suscipit culpa cupiditate ut vitae.','ut',4063,NULL,'1998-05-17 03:16:18','1974-06-22 04:29:10'),(56,6,268,'Non eum ut accusantium. Harum numquam et cumque odio sed qui. Aut atque accusantium commodi voluptatum rerum. Tenetur ipsum in distinctio.','dolores',497047,NULL,'2017-05-23 16:20:25','2000-03-27 15:56:27'),(57,7,271,'Autem autem praesentium omnis voluptatem iusto. Id odit ut sunt unde error pariatur. Repellendus enim ipsa aut et illum ratione ut.','iusto',87919,NULL,'1993-02-27 03:23:04','1974-12-23 20:07:54'),(58,8,272,'Quo possimus rerum hic sint est ducimus non. Qui asperiores quibusdam assumenda omnis est. At quis aut fugit facere debitis pariatur. Omnis alias expedita quas aliquam consequatur quas aliquam dignissimos.','quia',614670,NULL,'1977-03-20 16:15:34','1981-03-26 04:54:47'),(59,9,273,'Explicabo tenetur ducimus similique et voluptatibus aut. Quia reiciendis et sit aliquid voluptates. Sint esse deserunt sapiente harum numquam blanditiis id. Recusandae dignissimos sed ea omnis et cupiditate.','et',83294176,NULL,'1976-06-12 19:01:07','1990-01-02 00:32:12'),(60,10,274,'Quasi quas voluptate impedit est. Dolor eos impedit voluptatibus. Eum nihil corrupti natus molestias recusandae sed. Repellat quas deleniti doloremque sit. Culpa aut harum consequuntur eveniet voluptas accusantium natus.','saepe',7746778,NULL,'1980-12-09 08:57:04','1978-04-28 16:02:40'),(61,1,276,'Accusamus laudantium molestiae est optio. Esse nulla laborum et vel dolor. Voluptatem et qui sit est iure deserunt. Cumque vel quia ut id temporibus.','numquam',577,NULL,'2003-11-21 18:26:17','1974-05-16 09:54:03'),(62,2,277,'Illo voluptates vero odio. Autem quo eos dolorem ea earum.','id',2,NULL,'1988-05-09 08:46:29','1977-12-30 02:07:07'),(63,3,278,'Incidunt et rerum eum laborum sit. Cum quae voluptate itaque autem voluptas id. Voluptatem est at aliquid. Enim omnis ut sapiente et. Alias pariatur veniam amet rerum.','nihil',3337006,NULL,'2021-07-14 11:22:14','1997-01-24 22:28:45'),(64,4,279,'Ipsum ab est rerum facilis. Accusamus natus quod consequuntur consequuntur. Odio molestias rem distinctio numquam nihil repellendus.','rerum',4977185,NULL,'1996-09-10 13:42:39','2021-03-15 12:36:47'),(65,5,282,'Modi tempore quae dignissimos nam. Dignissimos sunt ab dolorum. Similique dolorem quia culpa molestiae perferendis veniam et. Aliquid numquam recusandae odit eveniet sint ut. Aperiam deserunt ut occaecati vel ducimus.','quas',63,NULL,'1999-08-16 07:48:16','1990-12-10 22:23:14'),(66,6,283,'Fugit blanditiis molestias error architecto quisquam. Delectus perspiciatis voluptas provident cum ratione voluptatem quo est. Nam non ut quia non.','mollitia',78674,NULL,'1996-12-09 15:29:44','2020-01-19 22:11:51'),(67,7,286,'Delectus dicta vel dolorum quae. Eum laudantium repellendus quos ipsa officiis. Doloribus quasi veritatis rerum aperiam fuga. Molestiae porro in sed natus laboriosam.','itaque',6834064,NULL,'1996-12-07 20:25:47','2020-08-31 00:45:53'),(68,8,288,'Omnis corporis rerum vero esse est omnis repellat. Amet veritatis eum sint quas a saepe. Qui in non vel. Delectus eius est dolorem delectus velit labore.','itaque',7455879,NULL,'1979-07-10 09:52:06','2015-02-04 16:04:55'),(69,9,290,'Illum eos autem maiores et. Expedita tempore accusamus corporis illum. Voluptas repellendus reiciendis accusamus et sint quasi a.','est',20903409,NULL,'2011-01-08 17:54:22','1975-04-15 00:52:18'),(70,10,291,'Dolor consequatur ex illum illo. In omnis vel qui officia dolorem nobis. Vitae atque harum occaecati accusamus quo nesciunt est. Exercitationem sed deleniti quia ut ratione in quia. Voluptas sint at blanditiis occaecati necessitatibus ut nihil.','nisi',58,NULL,'2016-11-16 12:59:50','1990-10-12 01:29:12'),(71,1,294,'Quia in itaque qui optio. Itaque error voluptates magnam nesciunt itaque aliquam animi. Autem ut sed assumenda fugit.','iure',99052,NULL,'2016-04-17 12:31:44','2016-02-22 19:00:42'),(72,2,297,'Expedita porro quos aut. Natus quam nihil ab qui et non ipsum. Quasi accusamus rem magni praesentium quidem. Quia fuga eum et optio deleniti.','ut',450,NULL,'2011-03-05 06:38:47','1999-10-24 18:28:02'),(73,3,299,'Repudiandae adipisci totam qui dolor aut quia asperiores. Est et tempore culpa.','nemo',47,NULL,'2004-05-28 02:05:10','2006-09-14 23:30:18'),(74,4,301,'Impedit culpa dolore quam sit quidem. Labore dignissimos soluta vero distinctio doloremque unde suscipit.','magnam',616446147,NULL,'1978-09-30 13:08:37','2010-05-09 01:58:57'),(75,5,302,'Voluptatem ipsam placeat cumque non. Tempore dicta adipisci dolores occaecati doloribus et. Nostrum quo dicta sed odit praesentium qui. Delectus placeat est asperiores est at officiis.','sint',66941573,NULL,'1976-04-02 15:30:23','1978-04-22 08:20:17'),(76,6,303,'Autem nulla veniam adipisci vel dolor ratione non. Sunt quibusdam et expedita et. Quidem totam pariatur occaecati voluptatem sint tenetur quaerat fugiat.','totam',72,NULL,'1978-07-14 11:18:25','2013-09-07 03:46:05'),(77,7,305,'Aut odio enim quia rerum voluptas dolores. A eveniet porro soluta soluta aperiam non esse.','aut',9,NULL,'1973-02-22 10:46:35','1995-10-05 18:25:40'),(78,8,306,'Dolor est quia nulla veniam at. Sunt nihil molestias eum veritatis et. Aperiam cupiditate voluptas accusantium et ab sequi.','magnam',39976832,NULL,'1970-09-02 11:40:00','2002-02-13 04:58:17'),(79,9,308,'Aut non excepturi sapiente aut. Velit et illum eius placeat maiores quibusdam. Temporibus voluptatem quasi et laudantium velit doloribus.','enim',252941937,NULL,'2005-06-16 19:12:38','1981-08-10 15:04:43'),(80,10,310,'Quod repellat dicta fuga omnis perferendis. Aperiam accusantium ullam sint quas ut. Velit similique vero consectetur voluptatem temporibus reprehenderit. Incidunt illo in illo dolores.','praesentium',226289,NULL,'1989-04-28 21:11:46','1997-03-09 22:51:47'),(81,1,312,'Quia iusto odit ad similique amet dolorem voluptatem magnam. Pariatur debitis molestias in assumenda enim et. Dolorem id eos consequuntur et ex aperiam. Enim temporibus rerum dolor quasi rerum repudiandae sed.','maiores',845,NULL,'2008-10-09 13:13:07','1990-02-21 02:46:39'),(82,2,313,'Deleniti inventore qui et minus. Excepturi sapiente distinctio quod ex at laudantium. Perferendis repellendus repellat itaque quis sit. Iure rerum id exercitationem sunt velit. Iure possimus sit non fugit quod placeat corporis.','vel',203548204,NULL,'1982-03-01 10:37:31','2012-06-05 23:55:35'),(83,3,315,'Accusantium adipisci aut dicta laudantium eveniet. Est eligendi blanditiis dolorem est quo reiciendis consequatur rerum. Consectetur ipsa et architecto. Molestiae qui velit iusto dolorem culpa aut molestias.','deleniti',6303,NULL,'1987-02-03 02:58:34','1998-10-27 22:22:42'),(84,4,316,'Consequuntur enim dolore cupiditate blanditiis numquam. Ut voluptas expedita voluptate vitae neque quo est.','dignissimos',0,NULL,'1979-09-19 01:30:35','1980-11-26 04:11:54'),(85,5,317,'Aliquam sunt est velit sunt. Ipsa laborum commodi numquam voluptatem. Minima qui sit animi rerum ratione dolorem.','ex',892145345,NULL,'1981-03-07 06:46:08','2011-10-25 23:09:07'),(86,6,322,'Et mollitia ex facere quis. Dolore sed dolor asperiores deserunt corporis. Vero necessitatibus eum consequatur sunt id. A at dicta in iure. Ut occaecati dolor est molestiae voluptatem deleniti non.','ut',77789,NULL,'1987-12-08 11:05:22','1979-02-02 11:31:53'),(87,7,323,'Temporibus quae ratione distinctio cupiditate. Adipisci cum quaerat tempore et consequatur eveniet. Maxime aut rerum ducimus qui voluptatem in nemo.','incidunt',0,NULL,'2017-10-02 13:05:00','2010-12-12 15:42:59'),(88,8,328,'Quia necessitatibus cupiditate ut quis adipisci eum voluptatem est. Eos sed nobis omnis illo voluptatem ad explicabo. Ut voluptatem sed et et a. Quia sunt aut reiciendis pariatur ad quia explicabo.','dolore',3476,NULL,'2002-05-09 00:19:15','2010-11-16 13:32:19'),(89,9,330,'Ullam sit eveniet commodi et omnis. Asperiores est earum aut veniam optio. Deleniti quod non facere ex distinctio rem atque neque.','ex',40,NULL,'1997-09-27 00:35:38','1989-04-18 03:39:10'),(90,10,331,'Inventore quas minus recusandae. Enim pariatur unde tempore dignissimos. Provident repellat reprehenderit tenetur mollitia. Non sed corporis sequi tempore iste ipsa.','soluta',80865,NULL,'1982-01-03 03:17:42','1970-04-12 18:41:34'),(91,1,332,'Quam sit aut vero dolor officia tempora excepturi eum. Reiciendis qui voluptatem veniam. A consectetur nemo id repellat laborum nisi id. Id mollitia nihil velit corporis aliquid consequatur.','doloribus',4,NULL,'2004-01-22 07:22:21','1975-01-17 13:50:31'),(92,2,335,'Eum harum dignissimos eligendi beatae cumque aut in. Incidunt repellat sint inventore animi id fugiat quia. Expedita similique dolores aperiam ea.','sit',31389743,NULL,'1972-07-10 13:26:51','1977-04-26 18:25:13'),(93,3,339,'Natus qui iure ut perspiciatis. Ullam nisi ut iusto.','doloribus',60364101,NULL,'2019-06-17 15:34:35','1992-04-29 23:00:00'),(94,4,341,'Consequuntur voluptatibus consequuntur cupiditate blanditiis fuga harum animi. Ullam dolorem animi sunt qui aut. Omnis iste ut vel et reprehenderit. Eos laboriosam id repudiandae sit sint itaque odio.','provident',6342194,NULL,'1990-07-11 19:04:15','1988-01-01 22:01:50'),(95,5,342,'Ut nemo similique vero veniam. Quis ipsam ullam distinctio voluptate sit.','temporibus',28052,NULL,'1991-11-17 17:21:46','2020-11-22 04:06:07'),(96,6,343,'Omnis consequatur quos quos blanditiis. Ea modi nobis consectetur quaerat sit sit dolorem. Recusandae necessitatibus ipsa officiis aut ex. Quis dolorem consequatur enim laborum fugit.','ratione',970,NULL,'1988-12-04 10:45:24','2006-08-26 05:50:25'),(97,7,344,'Sit non ut omnis dolorem temporibus ut error tenetur. Enim inventore eum et autem beatae non ullam. Voluptas sed beatae consequatur soluta pariatur inventore. Rerum eos animi aperiam id quia voluptate minima.','nesciunt',635,NULL,'2002-03-24 08:55:00','1971-10-28 18:46:59'),(98,8,345,'Aut voluptatem voluptate mollitia veniam quisquam aliquam. Rerum molestiae natus voluptatem enim neque facere dolorem quo. Rerum laborum officiis molestiae eligendi et ea aspernatur. Placeat sit aperiam eum vitae.','ut',0,NULL,'1971-07-01 09:24:59','1981-09-30 12:40:46'),(99,9,346,'Tempora harum provident omnis laboriosam. Animi quia labore doloremque necessitatibus eum. Rem praesentium illum quo facilis autem accusantium odit. Id aspernatur id nihil et sed assumenda consequatur.','ut',8,NULL,'2011-05-03 08:35:17','1980-12-17 23:56:26'),(100,10,350,'Sed et voluptates rem dolorum nihil. Sunt aliquid qui et odit possimus quas et. Veritatis libero et in sit iure et omnis.','consequatur',9661,NULL,'2015-04-17 07:31:37','1973-07-21 23:37:08');
/*!40000 ALTER TABLE `media` ENABLE KEYS */;
UNLOCK TABLES;

--
-- Table structure for table `media_types`
--

DROP TABLE IF EXISTS `media_types`;
/*!40101 SET @saved_cs_client     = @@character_set_client */;
/*!50503 SET character_set_client = utf8mb4 */;
CREATE TABLE `media_types` (
  `id` bigint unsigned NOT NULL AUTO_INCREMENT,
  `name` varchar(255) DEFAULT NULL,
  `created_at` datetime DEFAULT CURRENT_TIMESTAMP,
  `updated_at` datetime DEFAULT NULL ON UPDATE CURRENT_TIMESTAMP,
  UNIQUE KEY `id` (`id`)
) ENGINE=InnoDB AUTO_INCREMENT=11 DEFAULT CHARSET=utf8mb4 COLLATE=utf8mb4_0900_ai_ci;
/*!40101 SET character_set_client = @saved_cs_client */;

--
-- Dumping data for table `media_types`
--

LOCK TABLES `media_types` WRITE;
/*!40000 ALTER TABLE `media_types` DISABLE KEYS */;
INSERT INTO `media_types` VALUES (1,'velit','1992-03-09 04:47:40','2016-09-19 00:43:47'),(2,'possimus','2005-11-03 09:20:55','1976-09-15 08:24:42'),(3,'temporibus','1975-02-09 18:55:22','2011-01-05 07:21:39'),(4,'deleniti','2014-09-27 19:39:32','1975-12-23 12:39:53'),(5,'et','1997-04-13 12:43:57','1971-07-23 13:25:40'),(6,'deleniti','2009-07-19 18:27:57','2019-03-23 19:18:02'),(7,'nesciunt','1998-10-17 15:56:24','1993-09-05 03:25:37'),(8,'quia','2015-10-09 10:27:04','2013-11-28 18:55:30'),(9,'in','1976-01-19 11:58:01','1977-03-08 23:19:08'),(10,'sed','2011-02-21 19:56:52','1983-06-14 14:00:50');
/*!40000 ALTER TABLE `media_types` ENABLE KEYS */;
UNLOCK TABLES;

--
-- Table structure for table `messages`
--

DROP TABLE IF EXISTS `messages`;
/*!40101 SET @saved_cs_client     = @@character_set_client */;
/*!50503 SET character_set_client = utf8mb4 */;
CREATE TABLE `messages` (
  `id` bigint unsigned NOT NULL AUTO_INCREMENT,
  `from_user_id` bigint unsigned NOT NULL,
  `to_user_id` bigint unsigned NOT NULL,
  `body` text CHARACTER SET utf8mb4 COLLATE utf8mb4_unicode_ci,
  `created_at` datetime DEFAULT CURRENT_TIMESTAMP,
  UNIQUE KEY `id` (`id`),
  KEY `from_user_id` (`from_user_id`),
  KEY `to_user_id` (`to_user_id`),
  CONSTRAINT `messages_ibfk_1` FOREIGN KEY (`from_user_id`) REFERENCES `users` (`id`),
  CONSTRAINT `messages_ibfk_2` FOREIGN KEY (`to_user_id`) REFERENCES `users` (`id`)
) ENGINE=InnoDB AUTO_INCREMENT=101 DEFAULT CHARSET=utf8mb4 COLLATE=utf8mb4_unicode_ci;
/*!40101 SET character_set_client = @saved_cs_client */;

--
-- Dumping data for table `messages`
--

LOCK TABLES `messages` WRITE;
/*!40000 ALTER TABLE `messages` DISABLE KEYS */;
INSERT INTO `messages` VALUES (1,178,178,'Aut quas magnam omnis dolorem velit vel. Natus quasi explicabo animi est quia voluptate atque. Rerum autem vero aspernatur esse voluptatem inventore.','1977-11-18 09:03:38'),(2,179,179,'Sint sequi autem velit ipsa ad incidunt velit. Cupiditate distinctio natus provident dolor est ratione aut. Qui quo aut officia et. Rerum inventore vel eos.','1993-12-13 00:08:57'),(3,180,180,'Possimus qui accusantium harum et sint. Cumque ut sunt tempora esse.','1987-10-07 13:44:41'),(4,181,181,'Culpa non similique numquam et. Ut soluta qui in recusandae sequi omnis consequatur. In sunt voluptatibus et at quasi quia aut. Et facilis voluptatibus quia voluptatem nobis.','2016-11-11 11:31:06'),(5,182,182,'Non quis sint ut velit ad. Amet aut sint necessitatibus non quasi qui. Ut in laudantium quis voluptatem voluptatem.','1972-12-29 21:12:34'),(6,183,183,'Consequatur voluptate architecto explicabo nihil molestias. Corrupti error non cum unde cum in suscipit. Incidunt est voluptatem pariatur voluptatibus quia voluptatibus. Iste ipsam velit voluptas assumenda consequuntur repudiandae placeat.','1991-11-23 23:23:09'),(7,185,185,'Voluptatibus ullam placeat error officia et. Voluptas deleniti et recusandae a. Accusantium nobis eos quia provident. Soluta nostrum quia modi eos. Qui harum fuga aperiam ad officia est.','2018-11-22 05:32:02'),(8,187,187,'Quia facere unde soluta. Ratione maiores ut et rerum. Est inventore quaerat est quis. Eius sit quasi eaque provident. Ipsum rerum eum dolor.','2018-06-17 08:35:19'),(9,188,188,'Quam aliquid aspernatur est numquam mollitia sit. Ut est non dolore doloribus sit quia. Quisquam quo error tempore ut quo qui sunt aperiam. Quia aspernatur illo facilis.','2011-10-24 18:02:10'),(10,189,189,'Non vel quidem autem nesciunt fugit eaque. Magnam consequatur cupiditate voluptas expedita sed. Aperiam laboriosam quis et impedit sint voluptatem. Ut sint impedit consequuntur laudantium eum ut quia aut. Cupiditate tempore quia minima ducimus corporis.','2006-05-26 13:18:06'),(11,192,192,'Optio qui laboriosam aliquid ut officia. Magni qui impedit qui eius facere. Iure optio quis reiciendis et. Aut ipsa inventore veniam qui repellat ducimus.','2020-12-26 15:28:04'),(12,196,196,'Rerum reiciendis beatae eius molestiae ea id distinctio. Dolore ea voluptas molestias dolor. Itaque optio expedita eveniet nemo. Excepturi labore ducimus repudiandae soluta omnis.','2003-10-25 17:30:29'),(13,197,197,'Velit velit et quasi nulla est animi nam quod. Esse officiis ullam in magni ut laudantium. Iure voluptates accusantium animi sunt sed. Odit aut deserunt in voluptatem alias.','1978-08-19 21:19:19'),(14,198,198,'Exercitationem alias dolorum cumque tempora et et et. Qui dignissimos rerum cumque reiciendis voluptas corrupti voluptatem. Commodi illum ut omnis ipsum quia. Ut pariatur soluta pariatur numquam ut.','1999-04-14 06:00:52'),(15,199,199,'Est repudiandae repudiandae ab. Voluptatum perferendis et minus quis mollitia delectus. Ipsum rem et quod provident neque quaerat fugiat.','1973-11-24 23:07:47'),(16,201,201,'Pariatur incidunt quidem ea quo quaerat eveniet. Esse occaecati impedit explicabo voluptas omnis cumque et. At officiis sunt sit ipsam quisquam fugiat. Facilis quidem voluptatem consectetur nemo harum illum voluptate.','1985-01-30 05:56:34'),(17,202,202,'Omnis quaerat qui iusto voluptate dolorem natus. Ea optio est sequi. Voluptas et error blanditiis vel.','2007-09-13 15:03:04'),(18,204,204,'Qui voluptatum placeat et deleniti non. Aliquam itaque nulla praesentium consectetur esse praesentium. Est harum accusantium fuga iure. Deleniti ad hic et vel natus eos.','1996-10-24 02:18:35'),(19,207,207,'Veniam eius ratione soluta illo et. Dolor qui dolorem consequatur aperiam. Reiciendis non ipsa qui et molestiae esse corporis.','2015-10-30 06:32:01'),(20,209,209,'Ex corrupti officia non perferendis aspernatur consequatur quae. Nisi possimus recusandae harum velit. Corrupti earum itaque molestiae.','2010-09-06 03:26:04'),(21,210,210,'Molestiae tempora similique saepe culpa. Recusandae ullam sit facere ullam. Mollitia nam earum tenetur animi quibusdam saepe officia. Accusamus magnam ut sunt ex.','1976-03-03 00:30:16'),(22,212,212,'Porro velit vero tempore et. Recusandae temporibus dolor aut eaque tempore modi. Similique sunt ex nemo a. Officia vel beatae velit. Eligendi dolorum sit architecto distinctio consequuntur architecto et.','1987-06-24 09:51:07'),(23,214,214,'Amet temporibus quo eaque quasi necessitatibus magnam dignissimos sunt. Soluta nulla totam quo earum fugit nobis ipsam. Quod a et incidunt sequi. Ut incidunt deserunt beatae optio saepe est atque.','1975-05-03 06:45:28'),(24,216,216,'Culpa neque nobis velit rem at dolor. Et maxime amet rerum pariatur est consectetur ipsum.','2016-01-22 03:56:38'),(25,218,218,'Officiis voluptatum ratione a aliquam laudantium similique rem. Vero voluptate ullam itaque corrupti perferendis et. Sed id et similique pariatur autem.','1988-04-18 07:00:17'),(26,220,220,'Est dolor illum aut quia. Voluptas quia eos voluptatum ullam asperiores. Vel dolore impedit vel nihil in ut. Sit nulla eos eligendi.','2004-12-02 09:43:18'),(27,221,221,'Assumenda aliquam est cum totam. Et dignissimos excepturi illum amet quas rem iste. Aut vitae non sed hic.','1981-07-06 09:17:10'),(28,222,222,'Voluptatem reprehenderit sit eos reprehenderit corporis ipsum vitae. Et voluptas et nulla tenetur perferendis. Non placeat eos est ad.','2005-07-22 13:21:17'),(29,223,223,'Et qui ad dolores corrupti consequuntur et nemo distinctio. Repellat aliquid dolores vel ut. Labore quia esse dolor quos. Dolores sit a incidunt velit quis eum et excepturi.','1978-05-06 14:33:28'),(30,226,226,'Tempora aut quia quisquam. Eos quis eum aliquid voluptas enim doloremque. Doloribus cupiditate quis non non exercitationem sit debitis.','1978-02-15 15:33:36'),(31,227,227,'Qui esse quia vel non. Quidem adipisci ducimus atque et aliquid qui et.','1990-08-22 00:13:25'),(32,232,232,'Assumenda aperiam qui labore voluptatem neque. Provident repellendus quia atque occaecati. Et nesciunt explicabo autem odio et. Iure beatae quaerat magnam harum suscipit quo.','1980-09-15 14:27:11'),(33,234,234,'Consequatur ut velit nostrum ut. Laboriosam excepturi recusandae temporibus explicabo nulla facere dignissimos unde. Occaecati asperiores dolorum eveniet pariatur quaerat.','1997-12-07 12:38:39'),(34,235,235,'Esse dolores tempora perspiciatis. Ut temporibus adipisci natus et vel maiores. Deserunt aliquid est maxime consequuntur cum dolores optio.','2000-12-27 09:17:04'),(35,236,236,'Quia quaerat mollitia est necessitatibus deleniti voluptatem. Magni qui voluptates laudantium quidem eveniet praesentium delectus maiores. Voluptatem blanditiis quo velit dolor illum. Sed itaque libero ipsum dolorem corporis voluptas.','1989-03-09 06:03:31'),(36,237,237,'Et beatae reprehenderit voluptatibus. Corporis blanditiis in quia minus ipsum occaecati ratione. Harum consequatur expedita voluptatibus assumenda. Facere accusantium ipsam voluptatibus accusamus beatae repellendus placeat.','1988-07-18 17:39:36'),(37,239,239,'Et maxime est ut consequatur expedita natus cupiditate. Recusandae omnis laboriosam est. Id vel veritatis consequatur atque in aut dolor occaecati.','1978-09-24 20:41:01'),(38,240,240,'Omnis fuga provident esse corrupti ipsam quia. Beatae culpa consequuntur a maxime at voluptatem. Consequatur aperiam nobis voluptates culpa quo dolor officia. Distinctio ut labore ut.','2007-05-16 20:04:46'),(39,242,242,'Quis magnam a saepe ipsum rerum aut reiciendis. Veritatis eos velit neque facilis mollitia autem est. Voluptatum laudantium nisi velit non aut. Et consequuntur cupiditate ipsam aliquam blanditiis nesciunt.','2004-05-21 18:41:47'),(40,243,243,'Sint dolorum rerum eos odio. Fuga voluptas alias quis autem non magnam laboriosam. Vel vitae repudiandae perferendis quos blanditiis earum est.','2011-10-08 23:48:42'),(41,245,245,'Delectus quae laboriosam esse et minus. Quo ex esse quisquam quidem et aut ipsam nemo. Aut voluptatum assumenda dolor iusto.','1976-01-11 18:32:04'),(42,246,246,'Est sit voluptatem molestiae quam debitis est voluptas. Velit voluptatem voluptatem rerum voluptatem modi. Hic quaerat praesentium distinctio rem rerum.','1979-06-19 02:12:25'),(43,247,247,'Tempore aut optio non aut corporis sint aliquam corrupti. Non qui quod exercitationem. Modi incidunt et sed in.','1972-11-17 11:40:35'),(44,248,248,'Omnis quae eaque doloremque eveniet accusamus. Qui explicabo ut officia sunt labore.','1974-12-30 13:58:15'),(45,249,249,'Laborum excepturi veniam qui autem beatae ullam error. Beatae est totam animi omnis. Error quis excepturi cupiditate explicabo omnis cum quisquam.','1999-05-19 20:28:51'),(46,252,252,'Dignissimos beatae quas iusto commodi. Aliquid omnis ducimus asperiores doloribus dolores fugiat sint consectetur. Voluptatem autem in quo corrupti cumque possimus.','2004-02-20 12:31:36'),(47,254,254,'Et expedita molestias pariatur quia. Autem quia ut cupiditate excepturi. Accusamus et modi ea ipsa temporibus consequuntur magni. Soluta impedit quam non est.','2021-03-12 09:42:35'),(48,255,255,'Ut et quos eum sunt id aut tenetur. Ut labore sint non et repudiandae omnis asperiores. Quia deserunt ut doloremque autem. Sunt dolor consequatur quo rerum nihil.','1980-09-23 18:25:33'),(49,257,257,'Dolorem illo eveniet id distinctio. Natus sunt optio aut mollitia. Natus quaerat non similique enim delectus. Consequatur quas ut eos harum voluptatem fugiat sed.','2016-12-08 05:36:42'),(50,261,261,'Molestias reiciendis modi esse saepe in. Accusantium asperiores doloremque dolor quia labore. Quos qui eum reprehenderit temporibus et impedit. Labore porro sit natus. Quia dolores et nihil odio dolores magnam eos.','2003-08-20 00:34:38'),(51,263,263,'Eos vel modi nesciunt et sequi vel quo modi. Incidunt est ut repellat deleniti rerum animi.','1999-10-09 11:39:59'),(52,264,264,'Sed et est molestiae dolor. Laborum soluta quia sed qui corporis omnis. Nihil nihil voluptatem adipisci deserunt repellat numquam corporis numquam.','2011-07-24 08:07:24'),(53,265,265,'Quas laboriosam illo qui molestiae. Unde dolores velit ullam beatae quia. Nihil vel eos repellendus consequatur. Provident est temporibus enim.','2002-12-13 21:12:29'),(54,266,266,'Eaque similique aperiam ut sed dolor aperiam. A voluptatum aut aperiam. Sint architecto ratione voluptatem rerum aliquid dolores.','1987-01-07 02:24:59'),(55,267,267,'Sed qui fugiat consectetur exercitationem enim blanditiis. Provident quaerat et quia ut. Et reprehenderit est hic nesciunt ut quia. Omnis delectus eum maiores aut. Id ut maiores quia incidunt officia.','2008-03-10 23:52:54'),(56,268,268,'Ut ut cupiditate voluptatibus deserunt. Quas quis aut vitae iure quia. Voluptatem aliquid facere facere.','2013-10-30 03:37:42'),(57,271,271,'Esse facere doloribus velit adipisci consectetur minima sed. Ea consectetur tenetur aperiam. Consequuntur quia eius minima. Sint porro ut aut enim.','2005-09-09 09:41:55'),(58,272,272,'Quis ratione explicabo odio beatae inventore et qui est. Similique doloribus est dolorem. Quis delectus maxime qui pariatur architecto perspiciatis sequi vero. Explicabo est at nesciunt magnam cupiditate.','2008-04-21 06:04:09'),(59,273,273,'Similique consequatur aliquid ipsam vel et laborum alias. Sed nesciunt eaque perferendis nam. Quibusdam a alias nulla. Error cum itaque nam esse ipsam accusantium doloribus.','1990-07-25 21:22:01'),(60,274,274,'Architecto voluptas excepturi at vero et voluptatibus corporis. Laboriosam et nobis perspiciatis praesentium ipsam qui. Fugit aut autem voluptates saepe corporis consectetur delectus. Eos cum consequatur laboriosam velit illum.','2021-06-11 15:54:00'),(61,276,276,'Sunt enim perspiciatis ad qui sit sed. Non ut beatae ea delectus voluptatem. Laboriosam minus libero nobis magnam.','1989-01-25 02:44:24'),(62,277,277,'At et aut quis corporis exercitationem enim quod. Autem aut repudiandae esse fugit alias. Iure et non eos earum. Magni distinctio aliquid quae facilis.','1977-06-24 04:21:34'),(63,278,278,'Similique reiciendis et et. Consectetur cumque illum enim nisi nostrum quod omnis. Natus in est beatae dolor. Vel iure quia sunt ea.','1978-01-27 18:56:28'),(64,279,279,'Sit officiis ea nisi sed. Vel dolor qui id ut maiores enim. Quaerat facere dolores vel possimus.','1993-03-11 06:51:06'),(65,282,282,'Esse dolor qui reiciendis sit. Atque quam sunt facere ea occaecati ea recusandae adipisci.','2012-06-15 14:41:10'),(66,283,283,'Quaerat voluptatem id inventore atque expedita. Ut voluptatem minus at rerum id. Officia amet ducimus molestiae et quibusdam provident. Iste velit voluptas voluptate cumque omnis. Dolorum provident maiores consequatur doloremque iure vel.','1990-02-08 11:38:12'),(67,286,286,'Ab cum eum neque maxime aliquid. Aut quo praesentium at beatae ut minus. Saepe enim vel beatae et minima. Fugiat provident saepe enim ut sed consequatur eveniet quia.','1991-01-09 00:42:07'),(68,288,288,'Nesciunt occaecati doloribus natus facere cupiditate dicta. Est impedit eum sunt ut dolor quia. Soluta aut facere accusantium deleniti alias.','2001-08-10 20:32:07'),(69,290,290,'Eos ut quod assumenda. Nostrum aut quia pariatur deleniti. Iusto inventore delectus maiores. Officiis quia libero dolore quia unde atque voluptatem.','1980-03-02 12:00:46'),(70,291,291,'Et eos maiores vel sunt. Vel qui ducimus voluptas voluptatibus officia veritatis ab molestiae. Omnis itaque dolores beatae nihil reiciendis ut. Fugiat totam et voluptatum aut et enim qui.','2008-11-16 12:33:20'),(71,294,294,'Nulla ducimus ex dolores maxime ea saepe nihil. Qui eum aut non officia quaerat. Sit id modi illo quasi doloribus nesciunt. Magni nihil qui ad distinctio quia error voluptatem.','1990-04-23 20:30:57'),(72,297,297,'Itaque non ut et fuga et pariatur quos. Dignissimos est unde repudiandae iste modi libero. Similique omnis facilis qui voluptas. Architecto excepturi dolor tempore. Fugit aperiam dolorem labore qui odit id ut.','2012-06-23 05:13:27'),(73,299,299,'Eligendi harum beatae consequatur ut nostrum. Exercitationem enim qui ut praesentium exercitationem nisi. Consequatur debitis dolorem aspernatur ab. Deserunt ab iusto libero officia.','1977-11-03 10:00:43'),(74,301,301,'Non dolores eius qui esse sequi. Non voluptatibus doloremque et sint omnis sit non.','1993-10-31 19:56:52'),(75,302,302,'Non eum aut et ut quisquam odit iusto. Libero non at rerum qui.','1988-04-27 18:46:10'),(76,303,303,'Labore vitae autem porro enim incidunt hic repellat consequatur. Enim distinctio et non mollitia corporis voluptatem occaecati. Sunt facilis quaerat dolor recusandae et nostrum esse. Sunt velit voluptatem deserunt sunt.','1979-05-05 22:15:51'),(77,305,305,'Aut sed quis ea quidem. Sint nesciunt et dolores explicabo delectus et illum.','2013-10-28 04:13:47'),(78,306,306,'Hic voluptas excepturi ipsam et occaecati. Ipsam quia quia unde voluptas fuga cumque.','1979-01-01 18:58:47'),(79,308,308,'Voluptates ipsa eum corporis facere. Iusto qui sapiente qui quis eius qui et. Vitae officia consequuntur enim. Nisi et quae autem dolore rem inventore cupiditate.','1971-06-10 16:01:44'),(80,310,310,'Est consequatur eaque quod quisquam. Explicabo aut dicta minima quidem nulla. Ducimus repudiandae eos aspernatur minus excepturi.','2010-07-08 07:40:22'),(81,312,312,'Et illum sunt hic maiores voluptas. Quibusdam voluptas est explicabo reiciendis ullam est similique. Aut occaecati ad tempora modi adipisci quam.','2014-06-03 18:47:06'),(82,313,313,'Asperiores molestiae numquam et labore vitae aliquam. Earum qui qui nisi iste sequi ut. Non aliquid libero ipsam qui accusamus corrupti.','1998-12-14 11:55:09'),(83,315,315,'Voluptas nam et repellendus sed pariatur voluptate. Beatae consectetur autem repudiandae amet. Temporibus ex dolores error odit magni.','2015-09-30 17:33:40'),(84,316,316,'Earum minus numquam velit voluptatibus nulla. Recusandae ipsum molestiae ratione autem voluptas sapiente.','1970-10-24 01:36:07'),(85,317,317,'Et nobis sit non fugit facilis ut. Architecto dignissimos omnis autem. Et dolor voluptatem quo enim unde ab.','1976-10-26 19:48:16'),(86,322,322,'Placeat dolores quia assumenda doloribus. Dicta ut dolor non ut consequatur. Rerum recusandae dolorem impedit aut labore eaque.','2004-04-25 12:09:53'),(87,323,323,'Vel ut occaecati est incidunt fugiat nihil eligendi numquam. Iure eum ab velit cumque voluptas provident. Nostrum voluptas ut et quam pariatur sit in. Est omnis dolorem aperiam eaque corrupti.','1996-10-05 08:56:24'),(88,328,328,'Et repellendus vel velit veritatis pariatur commodi eligendi. Asperiores corrupti cumque sit rerum optio perspiciatis. Cumque facilis nam placeat enim. Mollitia fugit voluptas dolorum quae delectus.','1988-03-11 21:47:01'),(89,330,330,'Excepturi culpa adipisci exercitationem dolor voluptate alias. Alias quam aliquid at aut temporibus et. Blanditiis esse deleniti dolorem.','2018-03-04 21:56:14'),(90,331,331,'Aut vel cum aut molestiae ut voluptate consequatur. Id modi quo dolorem ullam iste ut. Quia iusto cupiditate voluptatibus dolorem sit qui doloribus.','1976-06-27 22:49:44'),(91,332,332,'Impedit maiores nobis officia qui. Eos et nesciunt suscipit. Provident quis unde voluptatem dolor sapiente.','1981-07-31 16:43:51'),(92,335,335,'Fugiat et autem cupiditate veritatis optio laborum pariatur quam. Eaque deserunt magni nam magnam dolorem blanditiis. Et aut quas qui voluptas tempore.','1999-01-02 20:46:35'),(93,339,339,'Deleniti quibusdam totam non incidunt distinctio vel officiis reprehenderit. Deleniti laudantium qui sed rerum similique. Voluptas tenetur qui molestiae nobis non. Ut quo rerum et hic. Rerum eum veniam quibusdam.','2011-02-11 08:29:52'),(94,341,341,'Eos ut nemo similique dolor tenetur doloribus doloribus. Aut facilis dolorem sunt nemo voluptatem. Rerum recusandae est voluptatem corrupti et.','2005-09-29 22:47:40'),(95,342,342,'Et qui voluptatibus dolorum et debitis esse quo. Eius illum ut quia natus animi et. Reiciendis consequatur minima rerum eligendi. Labore quidem natus ut deserunt sint.','1973-07-06 12:01:52'),(96,343,343,'Molestiae ut voluptas laborum perspiciatis provident et. Occaecati quae quis sunt velit beatae doloremque. Dolorum nostrum aliquid magni ea dicta eum eaque. Ex tempore ipsum illo exercitationem error.','1998-10-16 04:32:44'),(97,344,344,'Doloribus quisquam aut autem et omnis porro et. Vel ipsum vero amet explicabo. Et ipsa possimus saepe aut pariatur. Earum totam eos voluptatem natus est non.','1997-01-05 11:57:32'),(98,345,345,'Voluptas reiciendis assumenda ducimus soluta illo. Non et dolorem atque. Hic voluptas consequatur est fugit.','1977-01-16 18:14:39'),(99,346,346,'Possimus fugiat aut hic sit unde autem. Voluptatem cupiditate consequatur accusamus quia quam et eum quidem. Ut omnis tempora saepe vel. Quam impedit ex nesciunt maiores officia aperiam. Architecto esse praesentium eos dolores harum dicta nihil non.','1994-01-19 08:58:05'),(100,350,350,'Qui vitae id asperiores. Ratione vitae sequi neque provident dolorum necessitatibus mollitia. Quod ipsam voluptas ducimus voluptatibus suscipit sed cum. Impedit minus eius omnis aut assumenda provident pariatur amet.','1978-01-24 05:11:48');
/*!40000 ALTER TABLE `messages` ENABLE KEYS */;
UNLOCK TABLES;

--
-- Table structure for table `photo_albums`
--

DROP TABLE IF EXISTS `photo_albums`;
/*!40101 SET @saved_cs_client     = @@character_set_client */;
/*!50503 SET character_set_client = utf8mb4 */;
CREATE TABLE `photo_albums` (
  `id` bigint unsigned NOT NULL AUTO_INCREMENT,
  `name` varchar(255) DEFAULT NULL,
  `user_id` bigint unsigned DEFAULT NULL,
  PRIMARY KEY (`id`),
  UNIQUE KEY `id` (`id`),
  KEY `user_id` (`user_id`),
  CONSTRAINT `photo_albums_ibfk_1` FOREIGN KEY (`user_id`) REFERENCES `users` (`id`)
) ENGINE=InnoDB AUTO_INCREMENT=11 DEFAULT CHARSET=utf8mb4 COLLATE=utf8mb4_0900_ai_ci;
/*!40101 SET character_set_client = @saved_cs_client */;

--
-- Dumping data for table `photo_albums`
--

LOCK TABLES `photo_albums` WRITE;
/*!40000 ALTER TABLE `photo_albums` DISABLE KEYS */;
INSERT INTO `photo_albums` VALUES (1,'provident',178),(2,'mollitia',179),(3,'non',180),(4,'eveniet',181),(5,'asperiores',182),(6,'quia',183),(7,'ipsam',185),(8,'odio',187),(9,'necessitatibus',188),(10,'aliquid',189);
/*!40000 ALTER TABLE `photo_albums` ENABLE KEYS */;
UNLOCK TABLES;

--
-- Table structure for table `photos`
--

DROP TABLE IF EXISTS `photos`;
/*!40101 SET @saved_cs_client     = @@character_set_client */;
/*!50503 SET character_set_client = utf8mb4 */;
CREATE TABLE `photos` (
  `id` bigint unsigned NOT NULL AUTO_INCREMENT,
  `album_id` bigint unsigned DEFAULT NULL,
  `media_id` bigint unsigned NOT NULL,
  UNIQUE KEY `id` (`id`),
  KEY `album_id` (`album_id`),
  KEY `media_id` (`media_id`),
  CONSTRAINT `photos_ibfk_1` FOREIGN KEY (`album_id`) REFERENCES `photo_albums` (`id`),
  CONSTRAINT `photos_ibfk_2` FOREIGN KEY (`media_id`) REFERENCES `media` (`id`)
) ENGINE=InnoDB AUTO_INCREMENT=101 DEFAULT CHARSET=utf8mb4 COLLATE=utf8mb4_unicode_ci;
/*!40101 SET character_set_client = @saved_cs_client */;

--
-- Dumping data for table `photos`
--

LOCK TABLES `photos` WRITE;
/*!40000 ALTER TABLE `photos` DISABLE KEYS */;
INSERT INTO `photos` VALUES (1,1,1),(2,2,2),(3,3,3),(4,4,4),(5,5,5),(6,6,6),(7,7,7),(8,8,8),(9,9,9),(10,10,10),(11,1,11),(12,2,12),(13,3,13),(14,4,14),(15,5,15),(16,6,16),(17,7,17),(18,8,18),(19,9,19),(20,10,20),(21,1,21),(22,2,22),(23,3,23),(24,4,24),(25,5,25),(26,6,26),(27,7,27),(28,8,28),(29,9,29),(30,10,30),(31,1,31),(32,2,32),(33,3,33),(34,4,34),(35,5,35),(36,6,36),(37,7,37),(38,8,38),(39,9,39),(40,10,40),(41,1,41),(42,2,42),(43,3,43),(44,4,44),(45,5,45),(46,6,46),(47,7,47),(48,8,48),(49,9,49),(50,10,50),(51,1,51),(52,2,52),(53,3,53),(54,4,54),(55,5,55),(56,6,56),(57,7,57),(58,8,58),(59,9,59),(60,10,60),(61,1,61),(62,2,62),(63,3,63),(64,4,64),(65,5,65),(66,6,66),(67,7,67),(68,8,68),(69,9,69),(70,10,70),(71,1,71),(72,2,72),(73,3,73),(74,4,74),(75,5,75),(76,6,76),(77,7,77),(78,8,78),(79,9,79),(80,10,80),(81,1,81),(82,2,82),(83,3,83),(84,4,84),(85,5,85),(86,6,86),(87,7,87),(88,8,88),(89,9,89),(90,10,90),(91,1,91),(92,2,92),(93,3,93),(94,4,94),(95,5,95),(96,6,96),(97,7,97),(98,8,98),(99,9,99),(100,10,100);
/*!40000 ALTER TABLE `photos` ENABLE KEYS */;
UNLOCK TABLES;

--
-- Table structure for table `profiles`
--

DROP TABLE IF EXISTS `profiles`;
/*!40101 SET @saved_cs_client     = @@character_set_client */;
/*!50503 SET character_set_client = utf8mb4 */;
CREATE TABLE `profiles` (
  `user_id` bigint unsigned NOT NULL,
  `gender` char(1) CHARACTER SET utf8mb4 COLLATE utf8mb4_unicode_ci DEFAULT NULL,
  `birthday` date DEFAULT NULL,
  `photo_id` bigint unsigned DEFAULT NULL,
  `created_at` datetime DEFAULT CURRENT_TIMESTAMP,
  `hometown` varchar(100) CHARACTER SET utf8mb4 COLLATE utf8mb4_unicode_ci DEFAULT NULL,
  UNIQUE KEY `user_id` (`user_id`),
  CONSTRAINT `fk_user_id` FOREIGN KEY (`user_id`) REFERENCES `users` (`id`) ON UPDATE CASCADE
) ENGINE=InnoDB DEFAULT CHARSET=utf8mb4 COLLATE=utf8mb4_unicode_ci;
/*!40101 SET character_set_client = @saved_cs_client */;

--
-- Dumping data for table `profiles`
--

LOCK TABLES `profiles` WRITE;
/*!40000 ALTER TABLE `profiles` DISABLE KEYS */;
INSERT INTO `profiles` VALUES (178,'F','1995-12-06',1,'2000-07-26 11:47:30','East Solonview'),(179,'F','2012-02-15',2,'2020-05-01 17:54:44','Schowalterberg'),(180,'M','1988-03-18',3,'1992-02-02 14:09:49','Port Demarco'),(181,'F','2008-07-30',4,'2001-04-28 20:16:20','Calliefurt'),(182,'F','1971-11-06',5,'2003-08-29 14:09:43','New Arturoville'),(183,'M','1977-04-12',6,'1976-10-29 10:28:05','East Pedrochester'),(185,'F','1972-03-30',7,'1978-09-29 19:42:31','South Jamarcus'),(187,'F','1979-03-15',8,'1977-03-01 07:15:31','Port Sydnee'),(188,'M','1982-06-29',9,'1976-12-04 02:10:48','Priceshire'),(189,'M','1989-07-10',10,'2006-10-12 06:38:44','North Beaulahside'),(192,'M','1981-04-19',11,'1986-09-21 07:26:50','East Luna'),(196,'F','1978-09-02',12,'2001-02-12 06:36:22','Katelinburgh'),(197,'M','2013-10-30',13,'1992-10-12 05:44:58','Port Ewaldtown'),(198,'F','1975-01-09',14,'1970-05-13 16:27:43','Boylestad'),(199,'F','1981-11-12',15,'2006-10-22 01:14:07','New Elody'),(201,'F','1991-09-23',16,'2012-07-12 09:57:24','Lelahton'),(202,'M','1981-01-18',17,'2005-06-19 14:29:26','South Barbaraborough'),(204,'M','1993-05-29',18,'2019-12-20 07:31:31','South Wandaborough'),(207,'M','1989-03-23',19,'2015-10-17 03:03:59','Suzannebury'),(209,'M','2010-12-22',20,'1972-12-11 21:53:22','Marcelleland'),(210,'F','2006-10-10',21,'2018-04-28 15:23:26','Matildaport'),(212,'F','1971-08-05',22,'2005-07-28 08:42:27','Justusfort'),(214,'M','2017-11-21',23,'2015-08-29 17:27:26','Nikolaushaven'),(216,'F','1994-01-24',24,'1978-01-03 02:16:08','Lake Maryamborough'),(218,'M','1991-07-02',25,'2001-09-25 09:20:28','Chanelchester'),(220,'F','2007-05-26',26,'2020-06-26 09:37:24','New Joanyfort'),(221,'F','2008-01-30',27,'2016-01-29 23:04:38','Devinside'),(222,'M','1982-11-11',28,'1973-06-03 18:36:00','Haydenville'),(223,'M','1973-11-10',29,'2013-11-04 06:19:02','Wehnerchester'),(226,'F','1986-05-24',30,'1974-07-24 01:07:53','Jordyview'),(227,'M','1974-02-10',31,'2015-09-20 17:23:30','East Bettieton'),(232,'M','2000-12-18',32,'1996-07-06 00:03:47','Williestad'),(234,'M','2000-10-18',33,'2013-01-26 09:44:36','West Erwin'),(235,'M','1981-09-25',34,'1972-10-16 16:49:53','Shawnaborough'),(236,'M','2010-09-14',35,'2012-12-30 06:13:45','Port Alessiaville'),(237,'M','2004-04-10',36,'2006-04-16 19:01:00','Hegmannfort'),(239,'M','1981-02-10',37,'1971-09-30 04:38:55','Demondtown'),(240,'F','1982-12-21',38,'1991-12-10 17:15:35','Yolandashire'),(242,'M','1988-09-23',39,'1984-01-17 09:34:00','North Jayda'),(243,'F','1988-12-01',40,'1996-01-09 15:09:39','Constantinfurt'),(245,'F','2021-02-22',41,'2014-03-29 06:46:13','North Nicole'),(246,'F','1985-05-30',42,'1977-02-22 02:32:40','Feltonfurt'),(247,'F','1982-02-25',43,'2002-09-01 23:58:47','South Lowell'),(248,'F','1972-01-25',44,'1974-11-05 18:38:41','Port Doloreschester'),(249,'F','1974-04-29',45,'1983-03-28 21:34:13','Imatown'),(252,'M','2005-08-25',46,'1978-08-20 11:20:13','North Elliottbury'),(254,'F','1992-01-12',47,'1992-03-30 07:37:17','Priceshire'),(255,'F','1996-04-24',48,'1984-02-10 15:45:33','Haskellchester'),(257,'M','1985-04-22',49,'2005-09-14 04:44:28','North Justina'),(261,'F','1983-06-28',50,'2014-05-21 11:05:48','Alessandrostad'),(263,'F','1986-07-16',51,'2008-09-27 09:41:36','Jakobside'),(264,'M','2003-10-15',52,'1980-10-09 20:07:39','Farrellmouth'),(265,'F','1976-08-31',53,'2000-11-23 17:17:32','Goyetteton'),(266,'M','1999-01-12',54,'2008-01-27 07:00:21','Parisianview'),(267,'F','1996-01-07',55,'2018-03-02 15:52:22','Port Heidishire'),(268,'M','1998-07-24',56,'2005-09-22 05:53:08','New Nonabury'),(271,'M','2018-10-17',57,'2021-06-21 18:49:09','West Laceyhaven'),(272,'F','2012-08-16',58,'1998-12-12 01:08:05','Rossiefurt'),(273,'F','1986-09-18',59,'1996-03-04 08:56:44','Lake Joannie'),(274,'M','1990-03-15',60,'1971-12-11 06:56:47','Kayhaven'),(276,'M','1995-04-21',61,'2007-12-30 19:10:40','Marceloland'),(277,'M','2008-10-31',62,'1996-09-20 06:26:07','South Ezequiel'),(278,'F','2008-02-17',63,'2019-03-11 00:38:22','Robelside'),(279,'F','2010-02-02',64,'1981-01-04 11:47:44','Blickmouth'),(282,'F','1979-11-01',65,'1988-11-08 09:58:30','Altenwerthborough'),(283,'F','1994-12-13',66,'1971-10-26 10:55:52','North Abagailburgh'),(286,'F','2006-03-29',67,'1995-10-11 09:42:10','New Quincy'),(288,'M','2008-06-01',68,'1991-02-14 05:50:47','Melynatown'),(290,'M','1973-09-13',69,'2016-01-21 22:12:47','Port Ernie'),(291,'M','2016-05-19',70,'2011-08-14 08:21:06','Predovicbury'),(294,'F','1977-02-13',71,'1988-01-28 00:43:37','New Huldahaven'),(297,'M','1976-11-09',72,'2011-07-25 10:39:17','Mitchellborough'),(299,'M','1991-09-14',73,'1995-02-02 07:36:32','Williamsonberg'),(301,'M','1992-11-20',74,'1992-06-16 09:10:34','Port Gilbertport'),(302,'M','1985-11-10',75,'1980-02-15 15:13:53','Schuylerhaven'),(303,'M','1974-11-04',76,'1992-01-06 19:43:32','Clarabellebury'),(305,'F','1991-08-09',77,'1991-12-06 21:11:13','Rueckermouth'),(306,'M','2020-02-21',78,'2014-03-28 11:31:34','Rosemarymouth'),(308,'M','1982-10-22',79,'1978-11-25 15:21:31','Port Malinda'),(310,'M','1980-04-05',80,'1978-09-19 13:12:50','Port Earnestview'),(312,'M','1991-11-11',81,'2004-10-04 18:45:22','Bayerview'),(313,'M','1978-11-18',82,'2017-11-17 04:17:26','Eunicefort'),(315,'M','1996-04-06',83,'1974-07-19 00:20:08','Sipeshaven'),(316,'M','1998-11-07',84,'1977-05-24 20:58:19','Marlenehaven'),(317,'F','1984-08-30',85,'2005-12-03 05:37:28','North Marciahaven'),(322,'M','1988-01-10',86,'2010-02-18 02:18:29','Lake Lessie'),(323,'F','1972-12-27',87,'2011-09-18 02:14:51','Adamsborough'),(328,'F','1971-10-23',88,'1994-09-24 10:34:20','Heavenmouth'),(330,'F','2008-06-14',89,'2010-04-22 07:49:50','New Brandyn'),(331,'F','2010-03-29',90,'2012-10-20 21:44:54','Hermanton'),(332,'F','1974-10-23',91,'2020-11-25 04:49:16','Ayanafurt'),(335,'M','2011-11-26',92,'1973-05-18 02:44:04','Kautzerton'),(339,'M','2001-12-08',93,'2005-12-27 17:42:52','Reinholdmouth'),(341,'F','2012-05-29',94,'1983-03-06 02:51:07','Aryannaside'),(342,'M','2019-08-10',95,'2000-01-21 07:21:24','West Gardner'),(343,'F','2004-12-14',96,'2019-06-01 03:04:16','Port Maciberg'),(344,'F','2008-12-27',97,'1990-03-06 22:13:01','East Shaun'),(345,'M','1996-09-29',98,'2001-01-29 00:05:49','Carlosbury'),(346,'M','1995-09-28',99,'1985-04-11 01:42:37','East Toney'),(350,'M','2016-07-03',100,'1986-08-11 00:35:23','Waelchichester');
/*!40000 ALTER TABLE `profiles` ENABLE KEYS */;
UNLOCK TABLES;

--
-- Table structure for table `users`
--

DROP TABLE IF EXISTS `users`;
/*!40101 SET @saved_cs_client     = @@character_set_client */;
/*!50503 SET character_set_client = utf8mb4 */;
CREATE TABLE `users` (
  `id` bigint unsigned NOT NULL AUTO_INCREMENT,
  `firstname` varchar(50) DEFAULT NULL,
  `lastname` varchar(50) DEFAULT NULL COMMENT '',
  `email` varchar(120) DEFAULT NULL,
  `password_hash` varchar(100) DEFAULT NULL,
  `phone` bigint unsigned DEFAULT NULL,
  PRIMARY KEY (`id`),
  UNIQUE KEY `email` (`email`),
  UNIQUE KEY `phone` (`phone`),
  KEY `users_firstname_lastname_idx` (`firstname`,`lastname`)
) ENGINE=InnoDB AUTO_INCREMENT=354 DEFAULT CHARSET=utf8mb4 COLLATE=utf8mb4_0900_ai_ci COMMENT='';
/*!40101 SET character_set_client = @saved_cs_client */;

--
-- Dumping data for table `users`
--

LOCK TABLES `users` WRITE;
/*!40000 ALTER TABLE `users` DISABLE KEYS */;
INSERT INTO `users` VALUES (178,'Bonnie','Roberts','dale.schoen@example.org','043a5cbefe22f4e580e82e0e15dd7f387a1432e5',39),(179,'Jolie','Parker','zulauf.patrick@example.org','c88eda49453b6e380b61c5ada4ee3814db8f003a',0),(180,'Johnny','Monahan','hilbert75@example.net','d860be7e48189882b1e6f0ec57903ef260b29342',35),(181,'Opal','Dickinson','sdoyle@example.net','4dbff23b2db247d7ae3cd080a7ee283edad29a1c',1),(182,'Otis','Rolfson','edonnelly@example.com','4900c03bc76b47dc7c0848696101e4986dc43698',376733),(183,'Natalia','Brown','cgusikowski@example.net','77d3fb2b0111b5d09a96c444904a7056cbdcbb08',36),(185,'Madalyn','Sauer','xgreen@example.net','4a21f8767b7c17dc09b2a241f8d8f216b1df7fe8',395),(187,'Lorine','Will','kkeebler@example.net','dcf47dc869f624f884c96e166d91d6a2952eed33',532073),(188,'Delores','Nader','theresa.armstrong@example.net','6c020c958d93dd5a3253b6c8c37dc66e934692dc',558851),(189,'Oceane','Buckridge','ubrekke@example.net','f82ba1a368edac38c0f0a4f6ad41e9718a4ecf6f',476),(192,'Frida','Powlowski','froob@example.net','b6eff80a1d49d47452e23cea2243fa4611039af3',3952625954),(196,'Lue','Carter','kuphal.heath@example.org','01f258d0b0b3c81da3091a63a46846abad5ef366',5848171650),(197,'Taylor','Schmitt','helga.stracke@example.org','ed66332d0cf8487059287af5b61cd47952a98175',848239),(198,'Lukas','Terry','erwin.abernathy@example.org','9b256e0cd2b99b73b0b1e62e9b0ae84a2c8f5c0c',658),(199,'Anderson','Casper','audrey.prosacco@example.net','99995198760b856211ef9a41cfe6891f868ede8b',145),(201,'Rodger','Runolfsdottir','roslyn28@example.org','af05fde2f0f2606746fcd46163bee89d2f919bdd',97),(202,'Cathrine','Mante','sawayn.raven@example.org','c983e32a3019ae3754bcc8e9cb42c43eae9af47f',927179),(204,'Garnet','Gibson','devante34@example.net','30778eb40d69435f4a31e1332fcd4c6e9e0ab9f2',687369),(207,'Brendan','Grimes','dicki.rubie@example.com','63a903cb4507b3471d4abac08e9cb5c5bd911a67',919),(209,'Madge','Mohr','jschaden@example.net','77a3cad31cce0d515800c34547d3c0754f7e90e9',784445),(210,'Megane','Pagac','cgaylord@example.org','f374a0df861cdd12af29efa68e03fa2bc2038448',170),(212,'Rossie','Willms','tyreek14@example.com','f7f64c66f0b8ddd187ce330a8d0b867f05602acc',242282),(214,'Laverne','Hammes','kchamplin@example.com','bc90ce310eab0db61b7e616051ee108d8aaf2258',863965),(216,'Bernice','Kunde','meredith39@example.org','01064828b63f2931c667ba95b7537915ff4720e2',172859),(218,'Dawson','Champlin','langworth.connie@example.net','515f55eb074485e5e697cc7b07566a81d0d06da3',850),(220,'Hailee','Ferry','uweimann@example.com','734983a80011d1fedb580806d1d8046730dff6ef',377378),(221,'Cynthia','Powlowski','edmund.herzog@example.net','d645dcd29e6409dca249b04bd9c17429a383ce02',5053579730),(222,'Rhianna','Crona','fritz41@example.com','9946d25e3023b26b22fd8eb08d950f71515534b9',733),(223,'Tianna','Schneider','mallory92@example.net','96465f47d54c6c2dda3730479f1d8130d87b09e7',61),(226,'Kaylie','Wisozk','carter.ulices@example.com','a1079058d4d69a3be2bd53cd72e67797c800df79',941891),(227,'Kaleigh','Terry','torphy.antonia@example.net','6c91d441fbd83a992cfe60a04953930d0c0a8ee7',580),(232,'Omer','Wiegand','reilly.ricardo@example.com','c1fccba1edc912f8beeda3fbd4d808395b1f3c5c',976),(234,'Tanner','Bergstrom','karianne.heller@example.com','0f9807a12ad3a42e74d819424925042a1c1dda3e',454),(235,'Crawford','D\'Amore','bianka69@example.org','70fb52b1f09d2d97fb618b1bf5e44faa0409ef7c',622584),(236,'Trystan','Mertz','kaitlyn46@example.org','4507feabcf4e9d3a0d01e075155cd4b53a7e4763',185293845),(237,'Millie','Gorczany','claude.mcclure@example.com','47dc81f6a3d480a4af74c0759c29f288ee9c8b37',148),(239,'Reagan','Wintheiser','harley.skiles@example.org','e5f795f83ecb03e28a218b3d7d037e11601e850d',3451941953),(240,'Lane','Grady','kristofer.reilly@example.net','00867b53c7a21d095520b6ea8093ae096d473350',842),(242,'Lori','Okuneva','jimmy12@example.com','7c34a70051c7081263afb749d454578d4cc5e3ac',49),(243,'Genoveva','Hettinger','raina.von@example.com','a6a9b1242ffcbf902562baee667565f8917c3c6d',295),(245,'Freeman','O\'Keefe','cordie98@example.net','21abc8b486a44f5ea305a95cd19f28eb30a66180',606),(246,'Daphne','Jenkins','grady.astrid@example.com','4caaeb003407be8098fa3d15408ad6e1fd160c72',938715),(247,'Pete','Romaguera','yritchie@example.com','4932296b5af591fa79db055bb1897a6d67ad5674',85),(248,'Melvin','Kub','genevieve34@example.com','bbd9498eebcae7f1013cd8a65b5fd67859a1ed12',830),(249,'Jamel','Smith','theo81@example.org','0af4368bd163d811e933a8d5cfe75aace947d5a9',917),(252,'Elias','Runte','adela77@example.com','0dac7970bf31aea8cc5126f400392d60bbf7fc25',2813265588),(254,'Alta','Willms','okerluke@example.net','ef3eab4fa8b525dd061c65f83f0cade5afa1517b',912844),(255,'Maddison','Kuhlman','nicholas39@example.com','b15d60f88735030e560bd1661ecb0a0eff1cdfcc',704),(257,'Issac','Goyette','abbott.clemmie@example.net','093c601bff3c403dd6f1b11a9e1e6ad48b884a08',419682),(261,'Shanel','Keebler','armand55@example.com','c84f11eb4bc9d028ca7ca455c262b4e2ed0e9167',70),(263,'Nelle','Haley','wintheiser.elroy@example.org','4e000a53bc303dcfbd25afe01ec31a800bcce143',6251226518),(264,'John','Bergnaum','erdman.americo@example.org','f497e019609397bd62ebdd4a3a39715660bb10e2',255216),(265,'Charlotte','Purdy','beatrice.ruecker@example.org','8e4fd9729cb4cb26b5204a1c4e73bea1dd57b75f',25),(266,'Geovany','Howell','wilber.marvin@example.com','a5f962efe0541db35ebe30304778b689a432fcf2',646),(267,'Kaylee','Rogahn','kaitlin.dach@example.net','316b5244d669d378f32f94bc814534fb81e25e88',894),(268,'Abdul','Klocko','ibins@example.com','6a4f8b0d2495146941971b3055e1c0014b690a6b',3938653230),(271,'Arno','Satterfield','gudrun.windler@example.net','b92fa395cf7f6474cf8aeca5da7c532bc5f2bd55',7),(272,'Blanche','Gerhold','mariela24@example.org','a80ed2ad43c35190736480218fc93eb29d0483d0',608182),(273,'Jermaine','Harvey','echamplin@example.org','a678d4f7b3f47b21041be0ebf3d1972b52923e96',271),(274,'Litzy','Koelpin','amiya34@example.net','e70afb146a49e587e8303dccc83e2951d0b30866',995),(276,'Oliver','Luettgen','antonietta.hand@example.com','b628c171029c34798b00e366d729170705774218',855102),(277,'Hettie','Wolff','nedra.lesch@example.org','eefc9febb4e5435e6c4522b506acb833194bf1e0',557),(278,'Dorothy','Klocko','pierce.quigley@example.com','cc512d2ab605013072245a72bf8864e1e48c69fa',294315),(279,'Krista','Von','mac32@example.org','df6c057ae00a897430579bd104b870c8575e3c8f',90629),(282,'Tamara','Harris','omurray@example.com','dcde2cee02efa46c701058695ee73b0d163a2015',797160161),(283,'Eve','Konopelski','katelyn59@example.net','b8aac7b971f6e77678cc588a001342d342b69e5a',6154808892),(286,'Marian','Kozey','fredrick43@example.com','229998126ada7bb71cd817ebe016cb89f22ed209',872606),(288,'Efren','Kessler','furman.sipes@example.org','9a7835053131e92ae87b748d9c8aa82167f8c0bc',962),(290,'Kelsi','Rogahn','kerluke.emilio@example.com','09932821d064e8b2184c67f409b137e306d1145f',65),(291,'Cora','Barrows','mgreenholt@example.net','ad5675ee5978b7257d83d715bcc8ec31ec92639e',689),(294,'Thelma','Ebert','minnie.corkery@example.com','dc013d807127411f5aec6aa15a5b5b42203db6c9',737),(297,'Jesse','Hodkiewicz','rita.ondricka@example.com','c3e56dc93773866526e8989f48d84f8a9c090f89',7209764810),(299,'Ethyl','Maggio','crooks.elijah@example.com','4a6c370db302232daf20c06adfb93ca5006207ea',865003),(301,'Astrid','Schimmel','rita15@example.net','ac82dbdf7626737ee89d3361c57f656fe42850a4',707146),(302,'Cortez','Lang','crystel.smitham@example.org','7a1f74abcfbdf338c9176e0e9182fb8d6835516d',667501),(303,'Pat','Hessel','dsauer@example.org','36d77e540ae8ed8a0b60682eebd57a879e57940d',89),(305,'Ewald','Von','cheyanne.baumbach@example.com','0b86c8febc7621749c55d5af5150d9f27caad3fb',489390),(306,'Roberto','Hills','crempel@example.net','c38e28624283518552032281bc6caa33b2f07c73',721),(308,'Nikita','Kiehn','dfisher@example.org','a7e784c28c0f69571cb2cc5c6cf40aa97b71e509',56),(310,'Efrain','King','cmuller@example.net','de4e42689d6e0a9bb7285c6f23295aab526ec705',5128896456),(312,'Kaylie','Hickle','gutkowski.rogers@example.com','a37dec5dc0fe6afa8c174cc40ad1a1416182ee01',48),(313,'Vida','Turcotte','clifford84@example.com','8114cec19b9e37c21f9d9cce023ed458ca6fc4b0',3032389790),(315,'Renee','Kuhlman','verdie41@example.org','d4ef89a7c41a316f015f5f123d80d47cfdd422a7',852),(316,'Trever','Dare','carol90@example.net','98598e1e63735c7fa7d793f42e4f50b45b6492fb',11011),(317,'Matt','Anderson','quinn.veum@example.net','82e783fadde3bc358d204cdfafce92928e3e67f8',8534918880),(322,'Marlene','Gusikowski','tristian.pfannerstill@example.net','ded58531c681e29f426326bfec9a660e81bb2a8d',660513),(323,'Keshaun','Marvin','romaine.gaylord@example.org','c0a704fa5328c35ba49872eaea4d058fa6654283',704001),(328,'Corbin','Batz','angie.reinger@example.com','706172718d2b88c9505efcca59a7b8c9ecca55fb',242),(330,'Jaylin','Stoltenberg','lesly.koch@example.org','421edb789c10d4de8780237b3dafeb054887e374',44),(331,'Roosevelt','Strosin','branson.willms@example.net','a172989fd399a3c1fc4504b48dfc047a78840049',105997),(332,'Dimitri','Goldner','ethelyn.carter@example.org','77fdd3e734f22f6f0628f3b667ecc03b6f1e3cd0',829),(335,'Lucious','Huel','lsmith@example.net','5c4c50d07e616a939fa198c6fda53f3e9adc125c',430376),(339,'Nicholaus','Haag','jgoldner@example.org','57c86c760424c07c422be2c29141b9018955e597',366),(341,'Evelyn','Halvorson','maureen.powlowski@example.com','e4d37b44f4cff94e0035cae458aef8e7c6e58866',214130),(342,'Veda','Lang','rupert19@example.com','07cdeaaf37b0c540c8e676c071f7be87047c0ba7',919009),(343,'Fausto','Halvorson','spadberg@example.com','ac0228546bd23635c5151114c6c2880f4b4c123e',29067),(344,'Lottie','O\'Hara','fred.heaney@example.org','b21a84ffd2d90c9036044b47e4ac89dee30d313a',8017467845),(345,'Garry','Yost','reed.mcclure@example.com','8d6818523990fa6c3473b3b725c4cdefb1b2d37e',55135),(346,'Ariane','Torp','mbeer@example.net','ec27a878a1ddf373c1679d2af0a25d122adc4289',218),(350,'Garret','Goyette','hlesch@example.net','de4c6c2ed0105cd6ceda2e10a860d9cb8b6037c9',2325171386),(352,'Jayne','Fritsch','parker.elda@example.org','20364d471154ff15f8ac29797387cc75514de36c',581462),(353,'Heloise','Ritchie','mmiller@example.net','2c829204ac732090006bbd51f73db0198afdd701',166);
/*!40000 ALTER TABLE `users` ENABLE KEYS */;
UNLOCK TABLES;

--
-- Table structure for table `users_communities`
--

DROP TABLE IF EXISTS `users_communities`;
/*!40101 SET @saved_cs_client     = @@character_set_client */;
/*!50503 SET character_set_client = utf8mb4 */;
CREATE TABLE `users_communities` (
  `user_id` bigint unsigned NOT NULL,
  `community_id` bigint unsigned NOT NULL,
  PRIMARY KEY (`user_id`,`community_id`),
  KEY `community_id` (`community_id`),
  CONSTRAINT `users_communities_ibfk_1` FOREIGN KEY (`user_id`) REFERENCES `users` (`id`),
  CONSTRAINT `users_communities_ibfk_2` FOREIGN KEY (`community_id`) REFERENCES `communities` (`id`)
) ENGINE=InnoDB DEFAULT CHARSET=utf8mb4 COLLATE=utf8mb4_unicode_ci;
/*!40101 SET character_set_client = @saved_cs_client */;

--
-- Dumping data for table `users_communities`
--

LOCK TABLES `users_communities` WRITE;
/*!40000 ALTER TABLE `users_communities` DISABLE KEYS */;
INSERT INTO `users_communities` VALUES (178,1),(210,1),(245,1),(276,1),(312,1),(179,2),(212,2),(246,2),(277,2),(313,2),(180,3),(214,3),(247,3),(278,3),(315,3),(181,4),(216,4),(248,4),(279,4),(316,4),(182,5),(218,5),(249,5),(282,5),(317,5),(183,6),(220,6),(252,6),(283,6),(322,6),(185,7),(221,7),(254,7),(286,7),(323,7),(187,8),(222,8),(255,8),(288,8),(328,8),(188,9),(223,9),(257,9),(290,9),(330,9),(189,10),(226,10),(261,10),(291,10),(331,10),(192,11),(227,11),(263,11),(294,11),(332,11),(196,12),(232,12),(264,12),(297,12),(335,12),(197,13),(234,13),(265,13),(299,13),(339,13),(198,14),(235,14),(266,14),(301,14),(341,14),(199,15),(236,15),(267,15),(302,15),(342,15),(201,16),(237,16),(268,16),(303,16),(343,16),(202,17),(239,17),(271,17),(305,17),(344,17),(204,18),(240,18),(272,18),(306,18),(345,18),(207,19),(242,19),(273,19),(308,19),(346,19),(209,20),(243,20),(274,20),(310,20),(350,20);
/*!40000 ALTER TABLE `users_communities` ENABLE KEYS */;
UNLOCK TABLES;
/*!40103 SET TIME_ZONE=@OLD_TIME_ZONE */;

/*!40101 SET SQL_MODE=@OLD_SQL_MODE */;
/*!40014 SET FOREIGN_KEY_CHECKS=@OLD_FOREIGN_KEY_CHECKS */;
/*!40014 SET UNIQUE_CHECKS=@OLD_UNIQUE_CHECKS */;
/*!40101 SET CHARACTER_SET_CLIENT=@OLD_CHARACTER_SET_CLIENT */;
/*!40101 SET CHARACTER_SET_RESULTS=@OLD_CHARACTER_SET_RESULTS */;
/*!40101 SET COLLATION_CONNECTION=@OLD_COLLATION_CONNECTION */;
/*!40111 SET SQL_NOTES=@OLD_SQL_NOTES */;

-- Dump completed on 2021-07-16  1:22:04
